-- phpMyAdmin SQL Dump
-- version 4.8.5
-- https://www.phpmyadmin.net/
--
-- Hôte : 127.0.0.1:3306
-- Généré le :  jeu. 30 avr. 2020 à 12:04
-- Version du serveur :  5.7.26
-- Version de PHP :  7.3.5

SET SQL_MODE = "NO_AUTO_VALUE_ON_ZERO";
SET AUTOCOMMIT = 0;
START TRANSACTION;
SET time_zone = "+00:00";


/*!40101 SET @OLD_CHARACTER_SET_CLIENT=@@CHARACTER_SET_CLIENT */;
/*!40101 SET @OLD_CHARACTER_SET_RESULTS=@@CHARACTER_SET_RESULTS */;
/*!40101 SET @OLD_COLLATION_CONNECTION=@@COLLATION_CONNECTION */;
/*!40101 SET NAMES utf8mb4 */;

--
-- Base de données :  `ecommerce`
--

-- --------------------------------------------------------

--
-- Structure de la table `category`
--

DROP TABLE IF EXISTS `category`;
CREATE TABLE IF NOT EXISTS `category` (
  `id` int(11) NOT NULL AUTO_INCREMENT,
  `name` varchar(255) NOT NULL,
  `description` text NOT NULL,
  `type` varchar(255) NOT NULL,
  PRIMARY KEY (`id`)
) ENGINE=InnoDB AUTO_INCREMENT=57 DEFAULT CHARSET=utf8mb4;

--
-- Déchargement des données de la table `category`
--

INSERT INTO `category` (`id`, `name`, `description`, `type`) VALUES
(1, 'T-Shirt', 'Faites le plein de chemises et d&eacute;bardeurs pour homme en ligne chez H&amp;M. Rehaussez votre garde-robe du quotidien avec des t-shirts imprim&eacute;s en choisissant des motifs qui refl&egrave;tent votre personnalit&eacute;. Ou misez sur des pi&egrave;ces basiques telles que nos t-shirts et d&eacute;bardeurs en coton pour homme, d&eacute;clin&eacute;s dans des couleurs classiques et des coupes standard et ajust&eacute;es. En route pour le sport ? D&eacute;couvrez nos d&eacute;bardeurs de sport &agrave; manches courtes ou longues, parfaits pour aller transpirer  pour enfants', 'homme'),
(2, 'Sweats', 'Apportez une touche de chaleur avec notre s&eacute;lection de sweats &agrave; capuche et sweat-shirts pour homme. Optez pour des sweats &agrave; capuche zipp&eacute;s de couleurs neutres pour travailler et des sweat-shirts imprim&eacute;s pour le week-end. Ou portez votre sweat &agrave; capuche gris ou noir avec votre jean pr&eacute;f&eacute;r&eacute; et des baskets pour un look cool. Quels que soient vos besoins, nos sweats &agrave; capuche et sweat-shirts vous accompagneront pendant les mois d&rsquo;hiver et de printemps.', 'homme'),
(3, 'Pantalons et chinos', '&quot;R&eacute;interpr&eacute;tez votre look avec notre s&eacute;lection de pantalons pour hommes. Pantalons habill&eacute;s, chinos ou pantalons cargo , vous trouverez le pantalon qu\'il vous. D&eacute;couvrez notre &eacute;ventail de couleurs, coupes et mati&egrave;ress\r\n', 'homme'),
(4, 'Chemises', 'Des chemises bien coupées à porter en toutes occasions. Des coupes droites ou classiques pour le bureau, des chemises décontractées et des coupes confortables pour le week-end. Choisissez vos nouveaux coups de cœur parmi notre sélection de chemises.', 'homme'),
(5, 'jeans', 'Le jean est la base de toute garde-robe. Dénichez le modèle et la coupe qu\'il vous faut parmi notre vaste sélection de jeans pour homme – il y en a pour toutes les morphologies. Nombreux modèles disponibles – du jean coupe droite bleu au jean skinny noir, teintes claires à foncées et effet usé ou habillé.', 'homme'),
(23, 'Sous-vêtements', 'Faites le plein de basiques avec notre sélection de sous-vêtements pour homme. Que vous recherchiez à remplacer vos vieux sous-vêtements ou simplement à tester de nouveaux imprimés, nous avons tout. Craquez pour des lots de boxers, de slips et de caleçons dans une variété de couleurs ou faites le plein de soquettes et de chaussettes. Vous partez en vacances ? Découvrez notre nouvelle collection de shorts de bain pour homme.', 'homme'),
(24, 'Accessoirs', 'Magnifiez votre look ou changez de style avec nos nombreux accessoires pour homme : chapeaux et écharpes élégants, large gamme de ceintures et de sacs, lunettes de soleil tendance et cravates chic à porter au quotidien.', 'homme'),
(25, 'Sport', 'Choisissez vos nouveaux coups de cœur parmi notre sélection de hauts sportswear.', 'homme'),
(26, 'Chaussures', 'De la salle de réunion au bar, les chaussures classiques vous permettent de rester élégant en toutes circonstances. Chaussures habillées classiques en cuir qui se marient avec votre costume ou modèles élégants pour un mariage ou une occasion spéciale, notre collection a les chaussures chic pour hommes qu\'il vous faut. Explorez notre éventail de bottes pour hommes et plus.', 'homme'),
(27, 'Cardigan et Pull', 'Choisissez vos nouveaux coups de cœur parmi notre sélection de cardigans.', 'homme'),
(29, 'Shorts', 'Style élégamment négligé ou sportif décontracté : notre gamme de shorts homme convient en toutes occasions. Faites le plein de modèles chino aux teintes neutres ou vives, de jeans aux coloris vifs ou de coupes cargo décontractées.', 'homme'),
(30, 'vêtements de nuit', 'Dormez avec style grâce à notre sélection de vêtements de nuit pour homme. Que vous vouliez changer de pyjama ou de dénicher un ensemble confortable pour le week-end, nous avons ce qu’il faut. Notre collection de pyjamas se compose d’ensembles short et t-shirt pour les nuits plus chaudes ainsi que de bas de pyjamas et hauts à capuche pour l’hiver. Complétez votre look avec notre sélection de vêtements de nuit pour homme. Faites votre choix parmi un éventail de couleurs et de matières, dont l’éponge, le coton, la polaire et plus encore.', 'homme'),
(31, 'Maillots de bain', 'Préparez-vous pour les vacances avec notre sélection de shorts de bain pour homme. Découvrez des modèles au genou classiques dans des couleurs allant du bleu marine au kaki en passant par le noir. Envie d’un maillot plus audacieux ? Pas de problème. Amusez-vous avec des rayures, des imprimés animaux ou des motifs pour refléter votre personnalité. Portez votre maillot de bain avec des lunettes de soleil rétro ou un chapeau pour être prêt à arpenter la plage.', 'homme'),
(32, 'Robes', 'Romantique, tendance, classique ou décontractée ? Notre collection comprend des robes de tous les jours pour tous les goûts. Que vous l\'aimiez courte, mi-longue ou longue – nous avons la robe qu\'il vous faut. Choisissez celles que vous préférez !', 'femme'),
(34, 'Chemisiers et blouses', 'Affinez votre style avec de jolis chemisiers blancs, des blouses fluides et des tuniques élégantes. Agrémentez vos articles favoris avec des accessoires adaptés pour créer un look intemporel, parfait en toutes occasions et facile à changer.', 'femme'),
(35, 'Vestes et Manteaux', 'Jouez la carte du style tout en restant bien au chaud avec nos manteaux et vestes élégants. Réinterprétez votre look avec notre toute nouvelle collection : des manteaux et vestes ajustés ou oversize, longs ou courts, en total look noir ou déclinés dans les coloris de saison.', 'femme'),
(36, 'Blazers', 'La veste est la pièce la plus sobre de votre garde-robe et apporte juste ce qu’il faut de sophistication à n’importe quelle tenue. Que vous optiez pour un modèle classique en noir ou bleu marine ou pour une veste oversize en tweed ou à carreaux, c’est une pièce parfaite pour apporter une touche de sophistication ou de sobriété. Pour apporter une touche chic à votre tenue de travail ou avec un jean le week-end – la veste se prête à toutes les occasions. Ou explorez notre sélection de kimonos et blousons pour femme pour trouver des modèles plus chauds.', 'femme'),
(37, 'Jupes', 'Envie d’un style romantique, classique, bohème ou sexy ? Découvrez nos jupes longues, mi-longues et courtes pour toutes les occasions et tous les styles', 'femme'),
(38, 'Lingeries', 'Envie de renouveler votre lingerie ? Nous vous proposons une ligne superbe et confortable comprenant tous types de soutiens-gorge, avec différents maintiens, ainsi que une gamme de corsets et body push-up, en microfibre ou dentelle.', 'femme'),
(39, 'Chemises de nuit', 'Faites de beaux rêves avec nos vêtements de nuit doux et confortables pour femme. Des pyjamas classique pour dormir à poings fermés aux ensembles top et short pour le week-end, vous trouverez ce qu’il vous faut dans notre collection de vêtements de nuit pour femme. Craquez pour de la flanelle douce ou du coton confortable, ou misez sur une nuisette en soie pour la touche glamour. Vous pouvez également explorer notre collection loungewear pour femme pour un look décontracté et impeccable.', 'femme'),
(40, 'Maillots de bain', 'Préparez-vous à passer l’été sur la plage ou au bord de la piscine avec notre sélection de maillots de bain pour femme. Optez pour un modèle une pièce classique ou un joli bikini taille haute dans, des couleurs vives et des imprimés ou des tons neutres. Complétez votre look avec des lunettes de soleil et un chapeau de notre collection d’accessoires et pour la plage – l’heure des vacances a enfin sonné !', 'femme'),
(41, 'Sportswear', 'Choisissez nos vêtements de sport fonctionnels et tendance pour vous dépenser. Notre gamme comprend notamment des soutiens-gorge de sport, des collants de course et des tops pratiques à la fois fonctionnels et tendances dans les couleurs à la mode.', 'femme'),
(42, 'Sweatshirts', 'Un joli sweat bien confortable est la pièce de choix pour tous les jours. Imprimés et modèles tendance pour une touche streetwear. Portez votre sweat ou votre sweat à capuche avec un jean boyfriend, un jean slim ou une jupe plissée.', 'femme'),
(44, 'Beauté', 'Quelque soit votre style, nous avons tout ce qu\'il vous faut: maquillage, produits pour les cheveux, les ongles et la peau, parfums et accessoires pour être au top.', 'femme'),
(45, 'Grandes tailles', 'Retrouvez les dernières tendances dans des tailles plus généreuses. Associez librement tops grandes tailles et blouses, jeans grandes tailles et robes. Trouvez votre look parfait pour le bureau, les week-ends et bien d’autres occasions. Les dernières tendances de styles et de couleurs vous attendent.', 'femme'),
(46, 'TENUES DE MATERNITÉ', 'Nos tenues maternité sont à la fois confortables et chics. Vous pouvez choisir des couleurs vives ou opter pour le noir et le blanc classiques. Notre nouvelle collection comprend des robes, de jolies mailles, des blouses, des jean maternité et une grande variété d\'accessoires.', 'femme'),
(47, 'NOUVEAU NÉ', 'Découvrez la gamme H&M de vêtements pour nouveau né de 0 à 9 mois. Choisissez vos nouveaux coups de cœur parmi notre sélection de vêtements de bébé et notre collection pour enfants. Découvrez aussi nos combinaisons et nos robes pour nouveau né.', 'kid'),
(48, 'BÉBÉ FILLE', 'Le confort, la fonctionnalité et les coloris vifs sont les bases de notre collection pour nouveau-nés. Notre gamme inclut des vêtements, des chaussures et des accessoires pour couvrir tous les besoins de votre bébé fille. Avec des tissus souples, un design fonctionnel, vous serez assuré que votre nouveau-né sera à son aise pour jouer.', 'kid'),
(49, 'BÉBÉ Garçon', 'Confortables, pratiques, avec des coloris vifs ou des imprimés attrayants : nos vêtements, nos accessoires et basiques combleront votre petit garçon. Les tissus souples et les designs fonctionnels donneront à votre bébé une grande liberté de mouvement.', 'kid'),
(50, 'POUR FILLE', 'Choisissez vos nouveaux coups de cœur parmi notre sélection de vêtements d\'extérieurs pour fille..', 'kid'),
(51, 'POUR Garçon', 'Choisissez vos nouveaux coups de cœur parmi notre sélection de vêtements d\'extérieurs pour garçon..', 'kid'),
(52, 'FILLE 8-14+ ANS', 'Choisissez vos nouveaux coups de cœur parmi notre sélection vêtements pour fille..', 'kid'),
(53, 'Garçon 8-14+ ANS', 'Choisissez vos nouveaux coups de cœur parmi notre sélection vêtements pour garçon..', 'kid'),
(54, 'tops', 'Trouvez des gilets et des tops pour toutes les occasions. Que vous pr&eacute;f&eacute;riez annoncer la couleur ou adopter un style plus neutre &ndash; nous avons des tops pour le bureau, faciles &agrave; associer &agrave; des jupes &eacute;l&eacute;gantes, ou des tops pour les week-ends, sans manches ou &agrave; manches courtes.', 'femme'),
(55, 'GILETS ET PULLS', 'Pour rester au chaud, faites votre choix parmi nos nombreux pulls, cardigans, gilets et pulls &agrave; col roul&eacute; d&eacute;contract&eacute;s. Vous trouverez dans notre collection les imprim&eacute;s et les teintes les plus tendance.', 'femme'),
(56, 'basique', 'tout ce qui est basique pour vous et votre familles , merci ! \r\n &agrave; bient&ocirc;t chez votre K&amp;M. ', 'kid');

-- --------------------------------------------------------

--
-- Structure de la table `image`
--

DROP TABLE IF EXISTS `image`;
CREATE TABLE IF NOT EXISTS `image` (
  `id` int(11) NOT NULL AUTO_INCREMENT,
  `path` varchar(255) NOT NULL,
  `id_product` int(11) NOT NULL,
  PRIMARY KEY (`id`),
  KEY `id_product` (`id_product`)
) ENGINE=InnoDB AUTO_INCREMENT=1676 DEFAULT CHARSET=utf8mb4;

--
-- Déchargement des données de la table `image`
--

INSERT INTO `image` (`id`, `path`, `id_product`) VALUES
(18, 'tshirt00.jpg', 1),
(47, 'fashion5.jpg', 2),
(50, 'tshirt01.jpg', 1),
(58, 'fashion9.jpg', 4),
(60, 'tshirt02.jpg', 1),
(131, '1587327737pantalon-chino-a-ourlets-1214899-1_1140x1140.jpg', 54),
(132, '1587327738téléchargement.jpg', 54),
(133, '1587327756pantalon-chino-a-ourlets-1214899-1_1140x1140.jpg', 53),
(134, '1587327756pantalon-chino-camel-homme.jpg', 53),
(135, '1587327823pantalon-chino-homme-beige.jpg', 51),
(136, '1587327824pantalon-chino-homme-gris.jpg', 51),
(137, '1587327824pantalon-chino-homme-kaki.jpg', 51),
(138, '1587327846pantalon-chino-homme-kaki.jpg', 50),
(139, '1587327847pantalon-chino-slim-jaune-moutarde-homme-vj070_14_fcf1.jpg', 50),
(140, '1587327847pantalon-instinct-chino-ajuste-bleu-lavande-homme-dc-36125221110960424.jpg', 50),
(141, '1587327868pantalon-chino-a-ourlets-1214899-1_1140x1140.jpg', 49),
(142, '1587327868pantalon-instinct-chino-ajuste-bleu-lavande-homme-dc-36125221110960424.jpg', 49),
(143, '1587327868téléchargement.jpg', 49),
(144, '1587327889pantalon-chino-a-ourlets-1214899-1_1140x1140.jpg', 48),
(145, '1587327890pantalon-chino-homme-kaki.jpg', 48),
(146, '1587327890pantalon-chino-slim-a-carreaux-gris-homme-wx106_1_fcf1.jpg', 48),
(147, '1587327914pantalon-chino-homme-beige.jpg', 47),
(148, '1587327914pantalon-chino-slim-a-carreaux-gris-homme-wx106_1_fcf1.jpg', 47),
(149, '1587327914pantalon-chino-slim-jaune-moutarde-homme-vj070_14_fcf1.jpg', 47),
(150, '1587327935pantalon-chino-slim-a-carreaux-gris-homme-wx106_1_fcf1.jpg', 46),
(151, '1587327935pantalon-chino-slim-vetizi.jpg', 46),
(152, '1587327936téléchargement.jpg', 46),
(153, '1587327972pantalon-chino-camel-homme.jpg', 45),
(154, '1587327972pantalon-chino-homme-beige.jpg', 45),
(155, '1587327972pantalon-chino-homme-kaki.jpg', 45),
(156, '1587327973pantalon-chino-slim-a-carreaux-gris-homme-wx106_1_fcf1.jpg', 45),
(157, '1587327973pantalon-chino-slim-jaune-moutarde-homme-vj070_14_fcf1.jpg', 45),
(158, '1587327973pantalon-chino-slim-vetizi.jpg', 45),
(159, '1587327974pantalon-instinct-chino-ajuste-bleu-lavande-homme-dc-36125221110960424.jpg', 45),
(160, '1587328163tshirt1.jpg', 44),
(161, '1587328163tshirt2.jpg', 44),
(162, '1587328180t-shirt-one-piece-trafalgar-law-taille-l.jpg', 44),
(163, '1587328233tshirt.jpg', 43),
(164, '1587328233tshirt1.jpg', 43),
(165, '1587328233tshirt2.jpg', 43),
(166, '1587328264tshirt3.jpg', 42),
(167, '1587328265tshirt4.jpg', 42),
(168, '1587328265t-shirt-one-piece-trafalgar-law-taille-l.jpg', 42),
(169, '1587328292tshirt.jpg', 41),
(170, '1587328292t-shirt-one-piece-trafalgar-law-taille-l.jpg', 41),
(171, '1587328357Tshirt-Bio-Homme-Outremer-Dos.jpg', 40),
(172, '1587328357Tshirt-Bio-Homme-Vert-Dos.jpg', 40),
(173, '1587328383tshirt6.jpg', 39),
(174, '1587328383Tshirt-Bio-Homme-Vert-Dos.jpg', 39),
(175, '1587328383tshirt-geek-store-last-meal.jpg', 39),
(176, '1587328406tshirt1.jpg', 38),
(177, '1587328406tshirt4.jpg', 38),
(178, '1587328406Tshirt-Bio-Homme-Vert-Dos.jpg', 38),
(179, '1587328406t-shirt-one-piece-trafalgar-law-taille-l.jpg', 38),
(180, '1587328425action-merino-tshirt.jpg', 37),
(181, '1587328425tshirt2.jpg', 37),
(182, '1587328425tshirt3.jpg', 37),
(183, '1587328425Tshirt-Bio-Homme-Vert-Dos.jpg', 37),
(184, '1587328483action-merino-tshirt.jpg', 36),
(185, '1587328483images.jpg', 36),
(186, '1587328484tshirt-geek-store-last-meal.jpg', 36),
(187, '1587328484t-shirt-one-piece-trafalgar-law-taille-l.jpg', 36),
(188, '1587328558action-merino-tshirt.jpg', 35),
(189, '1587328558images.jpg', 35),
(190, '1587328558tshirt3.jpg', 35),
(191, '1587328597tshirt3.jpg', 34),
(192, '1587328597t-shirt-one-piece-trafalgar-law-taille-l.jpg', 34),
(193, '1587328609images.jpg', 33),
(194, '1587328609tshirt2.jpg', 33),
(195, '1587328627action-merino-tshirt.jpg', 32),
(196, '1587328627images.jpg', 32),
(197, '1587328628tshirt1.jpg', 32),
(198, '1587328628tshirt2.jpg', 32),
(199, '1587328628t-shirt-one-piece-trafalgar-law-taille-l.jpg', 32),
(200, '1587328719action-merino-tshirt.jpg', 31),
(201, '1587328719images.jpg', 31),
(202, '1587328719tshirt3.jpg', 31),
(203, '1587328994performance-shorts.jpg', 30),
(204, '1587328994rBVaEFmeSS2AK7wGAAJ0GFyo7oo664.jpg', 30),
(205, '1587328994SHORT+RUNNING+HOMME+RUN+DRY+Bleu.jpg', 30),
(206, '1587328994short-court-pour-homme-en-coton-beige.jpg', 30),
(207, '1587328995téléchargement (1).jpg', 30),
(208, '158732900871vdTOO4NjL._AC_UY550_.jpg', 28),
(209, '15873290086724b0e997e9da4f7172a6d44f093949--mmf250x250.jpg', 28),
(210, '1587329008images (2).jpg', 28),
(211, '1587329008rBVaEFmeSS2AK7wGAAJ0GFyo7oo664.jpg', 28),
(212, '158732902171vdTOO4NjL._AC_UY550_.jpg', 26),
(213, '15873290216724b0e997e9da4f7172a6d44f093949--mmf250x250.jpg', 26),
(214, '1587329021114276.jpg', 26),
(215, '15873290210133866_800.jpg', 26),
(216, '15873290350133866_800.jpg', 24),
(217, '15873290351241108-1804-1-SHORT-KERENY-B.jpg', 24),
(218, '1587329035footkorner-short-nike-swoosh-ar30088-091_2_.jpeg', 24),
(219, '1587329036short-court-pour-homme-en-coton-beige.jpg', 24),
(220, '158732905071vdTOO4NjL._AC_UY550_.jpg', 22),
(221, '1587329050performance-shorts (1).jpg', 22),
(222, '1587329051performance-shorts.jpg', 22),
(223, '1587329051rBVaEFmeSS2AK7wGAAJ0GFyo7oo664.jpg', 22),
(224, '1587329051SHORT+RUNNING+HOMME+RUN+DRY+Bleu.jpg', 22),
(225, '1587329066le-capitaine-hublots-short-de-bain-hublots.jpg', 20),
(226, '1587329066performance-shorts (1).jpg', 20),
(227, '1587329066performance-shorts.jpg', 20),
(228, '1587329067rBVaEFmeSS2AK7wGAAJ0GFyo7oo664.jpg', 20),
(229, '1587329067téléchargement (1).jpg', 20),
(230, '1587329088footkorner-short-nike-swoosh-ar30088-091_2_.jpeg', 18),
(231, '1587329088le-capitaine-hublots-short-de-bain-hublots.jpg', 18),
(232, '1587329088rBVaEFmeSS2AK7wGAAJ0GFyo7oo664.jpg', 18),
(233, '1587329089short-court-pour-homme-en-coton-beige.jpg', 18),
(234, '1587329089téléchargement (1).jpg', 18),
(235, '15873291052-in-1-swimshort.jpg', 16),
(236, '158732910571vdTOO4NjL._AC_UY550_.jpg', 16),
(237, '15873291056724b0e997e9da4f7172a6d44f093949--mmf250x250.jpg', 16),
(238, '1587329105114276.jpg', 16),
(239, '15873291050133866_800.jpg', 16),
(240, '15873291051241108-1804-1-SHORT-KERENY-B.jpg', 16),
(241, '15873291872-in-1-swimshort.jpg', 14),
(242, '15873291875.jpg', 14),
(243, '158732918771vdTOO4NjL._AC_UY550_.jpg', 14),
(244, '1587329187hmgoepprod.jpg', 14),
(245, '1587329187images (2).jpg', 14),
(246, '15873292062-in-1-swimshort.jpg', 12),
(247, '15873292065.jpg', 12),
(248, '1587329206le-capitaine-hublots-short-de-bain-hublots.jpg', 12),
(249, '1587329206performance-shorts.jpg', 12),
(250, '1587329206rBVaEFmeSS2AK7wGAAJ0GFyo7oo664.jpg', 12),
(251, '1587329207short-court-pour-homme-en-coton-beige.jpg', 12),
(252, '15873292272-in-1-swimshort.jpg', 10),
(253, '15873292285.jpg', 10),
(254, '1587329228hmgoepprod.jpg', 10),
(255, '1587329228performance-shorts (1).jpg', 10),
(256, '1587329228short-court-pour-homme-en-coton-beige.jpg', 10),
(257, '158732924571vdTOO4NjL._AC_UY550_.jpg', 8),
(258, '15873292456724b0e997e9da4f7172a6d44f093949--mmf250x250.jpg', 8),
(259, '1587329245114276.jpg', 8),
(260, '15873292450133866_800.jpg', 8),
(261, '15873292461241108-1804-1-SHORT-KERENY-B.jpg', 8),
(262, '15873292882-in-1-swimshort.jpg', 3),
(263, '15873292885.jpg', 3),
(264, '15873292886724b0e997e9da4f7172a6d44f093949--mmf250x250.jpg', 3),
(265, '1587329288hmgoepprod.jpg', 3),
(266, '1587329288images (2).jpg', 3),
(267, '1587329288le-capitaine-hublots-short-de-bain-hublots.jpg', 3),
(268, '1587329548robe-longue-lima.jpg', 29),
(269, '1587329549robe-longue-maille-crepe-col-benitier-3-coloris.jpg', 29),
(270, '1587329550robe-patineuse-en-dentelle-noir-femme-xe623_1_fcf1.jpg', 29),
(271, '1587329550robe-patineuse-mariniere-noir.jpg', 29),
(272, '1587329561robe-de-soiree-mi-longue-a-col-bateau-avec-petites.jpg', 27),
(273, '1587329562robe-longue-fleurie-jaune-femme-xh521_1_fcf1.jpg', 27),
(274, '1587329562robe-longue-lima.jpg', 27),
(275, '1587329562robe-longue-maille-crepe-col-benitier-3-coloris.jpg', 27),
(276, '1587329578chic.jpg', 25),
(277, '1587329578robe-patineuse-mariniere-noir.jpg', 25),
(278, '1587329578robe-satinee-a-longues-bretelles-vieux-rose.jpg', 25),
(279, '158732959807-Robe-Mars-dos-02_1400x.jpg', 23),
(280, '158732959861e0uxeXfAL._AC_UX385_.jpg', 23),
(281, '1587329599bordeaux-robe-de-soiree-courte-femme-sexy-manche-l.jpg', 23),
(282, '1587329599robe-longue-maille-crepe-col-benitier-3-coloris.jpg', 23),
(283, '1587329600robe-patineuse-en-dentelle-noir-femme-xe623_1_fcf1.jpg', 23),
(284, '1587329615images (1).jpg', 21),
(285, '1587329615images (2).jpg', 21),
(286, '1587329615images.jpg', 21),
(287, '1587329615robe-patineuse-mariniere-noir.jpg', 21),
(288, '1587329615robe-satinee-a-longues-bretelles-vieux-rose.jpg', 21),
(289, '1587329626patron-robe-bleuet.jpg', 19),
(290, '1587329627robe-de-cocktail-pour-mariage-saumon.jpg', 19),
(291, '1587329627robe-de-soiree-longue-bordeaux-a-strass.jpg', 19),
(292, '1587329642robe-de-soiree-mi-longue-a-col-bateau-avec-petites.jpg', 17),
(293, '1587329642robe-longue-fleurie-jaune-femme-xh521_1_fcf1.jpg', 17),
(294, '1587329642robe-longue-lima.jpg', 17),
(295, '1587329642robe-longue-maille-crepe-col-benitier-3-coloris.jpg', 17),
(296, '1587329656images (1).jpg', 15),
(297, '1587329657images (2).jpg', 15),
(298, '1587329657images.jpg', 15),
(299, '1587329657patron-robe-bleuet.jpg', 15),
(300, '1587329657robe-de-cocktail-pour-mariage-saumon.jpg', 15),
(301, '1587329657robe-de-soiree-longue-bordeaux-a-strass.jpg', 15),
(302, '158732969507-Robe-Mars-dos-02_1400x.jpg', 13),
(303, '158732969561e0uxeXfAL._AC_UX385_.jpg', 13),
(304, '1587329696robe-de-soiree-mi-longue-a-col-bateau-avec-petites.jpg', 13),
(305, '1587329696robe-longue-maille-crepe-col-benitier-3-coloris.jpg', 13),
(306, '1587329697robe-patineuse-en-dentelle-noir-femme-xe623_1_fcf1.jpg', 13),
(307, '1587329715robe-de-soiree-mi-longue-a-col-bateau-avec-petites.jpg', 11),
(308, '1587329715robe-patineuse-en-dentelle-noir-femme-xe623_1_fcf1.jpg', 11),
(309, '1587329715robe-patineuse-mariniere-noir.jpg', 11),
(310, '1587329715robe-satinee-a-longues-bretelles-vieux-rose.jpg', 11),
(311, '1587329716téléchargement (1).jpg', 11),
(312, '158732973861e0uxeXfAL._AC_UX385_.jpg', 9),
(313, '1587329738bordeaux-robe-de-soiree-courte-femme-sexy-manche-l.jpg', 9),
(314, '1587329738images (1).jpg', 9),
(315, '1587329738images (2).jpg', 9),
(316, '1587329738images.jpg', 9),
(317, '1587329756images (1).jpg', 7),
(318, '1587329756images (2).jpg', 7),
(319, '1587329756images.jpg', 7),
(320, '1587329756patron-robe-bleuet.jpg', 7),
(321, '1587329757robe-de-cocktail-pour-mariage-saumon.jpg', 7),
(322, '158732980707-Robe-Mars-dos-02_1400x.jpg', 2),
(323, '1587329808images.jpg', 2),
(324, '1587329808robe-longue-fleurie-jaune-femme-xh521_1_fcf1.jpg', 2),
(325, '1587329808robe-soiree-longue-de-l-epaule-tenue-de-sortie-hab.jpg', 2),
(326, '1587329808téléchargement (1).jpg', 2),
(327, '1587329808téléchargement.jpg', 2),
(328, '1587330007images (3).jpg', 4),
(329, '1587330007images (4).jpg', 4),
(330, '1587330007images (5).jpg', 4),
(331, '1587330007images (6).jpg', 4),
(332, '1587330007images (8).jpg', 4),
(333, '1587333147images (1).jpg', 77),
(334, '1587333147images (2).jpg', 77),
(335, '1587333147images (3).jpg', 77),
(336, '1587333158sweats-hommes-rhythm-sweat-a-capuche-homme-rhythm-classics-tobacco.jpg', 76),
(337, '1587333158téléchargement (1).jpg', 76),
(338, '1587333158téléchargement.jpg', 76),
(339, '1587333167images (3).jpg', 75),
(340, '1587333167images (4).jpg', 75),
(341, '1587333167images (5).jpg', 75),
(342, '1587333177images (6).jpg', 74),
(343, '1587333177images (7).jpg', 74),
(344, '1587333177images.jpg', 74),
(345, '1587333177p_1_0_9_1_1091-Pack-Sweats-Papa-Ours-x-1-petit-ours.jpg', 74),
(346, '1587333198images (7).jpg', 73),
(347, '1587333199images.jpg', 73),
(348, '1587333199téléchargement (1).jpg', 73),
(349, '1587333199téléchargement.jpg', 73),
(350, '15873332117735_5d52adf29c26f_SWEAT-BASIQUE-FACE-ANTHRACITE-CHINE.png', 72),
(351, '1587333212images (2).jpg', 72),
(352, '1587333212sweat-a-capuche-the-north-face-drew-peak.jpg', 72),
(353, '1587333212sweat-de-travail-homme-280gr.jpg', 72),
(354, '15873332247735_5d52adf29c26f_SWEAT-BASIQUE-FACE-ANTHRACITE-CHINE.png', 71),
(355, '1587333225images (4).jpg', 71),
(356, '1587333225images (6).jpg', 71),
(357, '1587333225images (7).jpg', 71),
(358, '15873332397735_5d52adf29c26f_SWEAT-BASIQUE-FACE-ANTHRACITE-CHINE.png', 70),
(359, '1587333239images (1).jpg', 70),
(360, '1587333239images (2).jpg', 70),
(361, '1587333239images.jpg', 70),
(362, '1587333239sweats-hommes-rhythm-sweat-a-capuche-homme-rhythm-classics-tobacco.jpg', 70),
(363, '1587333251images.jpg', 69),
(364, '1587333251p_1_0_9_1_1091-Pack-Sweats-Papa-Ours-x-1-petit-ours.jpg', 69),
(365, '1587333252sweat-a-capuche-homme-moutarde-coco-surf.jpg', 69),
(366, '1587333252téléchargement.jpg', 69),
(367, '15873332667735_5d52adf29c26f_SWEAT-BASIQUE-FACE-ANTHRACITE-CHINE.png', 68),
(368, '1587333266sweat-a-capuche-the-north-face-drew-peak.jpg', 68),
(369, '1587333266sweat-de-travail-homme-280gr.jpg', 68),
(370, '1587333266téléchargement.jpg', 68),
(371, '1587333278images (3).jpg', 67),
(372, '1587333278images (4).jpg', 67),
(373, '1587333279images.jpg', 67),
(374, '1587333279sweats-hommes-rhythm-sweat-a-capuche-homme-rhythm-classics-tobacco.jpg', 67),
(375, '158733366551Y3iVyUL9L._AC_UX385_.jpg', 88),
(376, '1587333665chemise-cintree-ceremonie-col-italien-blanc.jpg', 88),
(377, '1587333666chemise-homme-sinequanone.jpg', 88),
(378, '1587333680chemise-homme-sinequanone.jpg', 87),
(379, '1587333681chemise-mariage-homme-avec-bouton-de-manchette-che.jpg', 87),
(380, '1587333681goods_00_419020.jpg', 87),
(381, '1587333692imagesm (1).jpg', 86),
(382, '1587333692téléchargemen2t.jpg', 86),
(383, '1587333692téléchargement4.jpg', 86),
(384, '1587333692unnamed.jpg', 86),
(385, '1587333705images (16).jpg', 85),
(386, '1587333705images (81).jpg', 85),
(387, '1587333706images 4(1).jpg', 85),
(388, '158733371951Y3iVyUL9L._AC_UX385_.jpg', 84),
(389, '1587333719chemise-cintree-ceremonie-col-italien-blanc.jpg', 84),
(390, '1587333719chemise-homme-sinequanone.jpg', 84),
(391, '1587333719images (16).jpg', 84),
(392, '1587333719images (81).jpg', 84),
(393, '1587333720téléchargemen2t.jpg', 84),
(394, '1587333720téléchargement4.jpg', 84),
(395, '158733373651Y3iVyUL9L._AC_UX385_.jpg', 83),
(396, '1587333736chemise-cintree-ceremonie-col-italien-blanc.jpg', 83),
(397, '1587333737chemise-homme-sinequanone.jpg', 83),
(398, '1587333737images (4).jpg', 83),
(399, '1587333737imagesm (1).jpg', 83),
(400, '1587333747images (16).jpg', 82),
(401, '1587333747images (81).jpg', 82),
(402, '1587333747images 4(1).jpg', 82),
(403, '158733381351Y3iVyUL9L._AC_UX385_.jpg', 81),
(404, '1587333813chemise-cintree-ceremonie-col-italien-blanc.jpg', 81),
(405, '1587333813chemise-mariage-homme-avec-bouton-de-manchette-che.jpg', 81),
(406, '1587333830chemise-mariage-homme-avec-bouton-de-manchette-che.jpg', 80),
(407, '1587333830goods_00_419020.jpg', 80),
(408, '1587333831unnamed.jpg', 80),
(409, '158733384451Y3iVyUL9L._AC_UX385_.jpg', 79),
(410, '1587333845imagesm (1).jpg', 79),
(411, '1587333845téléchargemen2t.jpg', 79),
(412, '1587333845téléchargement4.jpg', 79),
(413, '1587333857images (16).jpg', 78),
(414, '1587333857images (81).jpg', 78),
(415, '1587333857images 4(1).jpg', 78),
(416, '1587333857téléchargement4.jpg', 78),
(417, '158738844751uh1iNRJGL._AC_UX385_.jpg', 97),
(418, '158738844713580247_1_700x.jpg', 97),
(419, '1587388448imagesjeans.jpg', 97),
(420, '158738845713580247_1_700x.jpg', 96),
(421, '1587388458imagesjeans.jpg', 96),
(422, '1587388458jd_048865_b.jpg', 96),
(423, '158738846813580247_1_700x.jpg', 95),
(424, '1587388468imagesjeans.jpg', 95),
(425, '1587388468jd_048865_b.jpg', 95),
(426, '1587388479imagesjeans.jpg', 94),
(427, '1587388479jd_048865_b.jpg', 94),
(428, '1587388480jean-brut-homme-bobi.jpg', 94),
(429, '1587388493jd_048865_b.jpg', 93),
(430, '1587388493jean-brut-homme-bobi.jpg', 93),
(431, '1587388493jean-regular-fit-stretch-homme.jpg', 93),
(432, '1587388505jean-regular-fit-stretch-homme.jpg', 92),
(433, '1587388505jeans-homme-habille-stretch-pantalon-denim-homme-s.jpg', 92),
(434, '1587388505jean-skinny-gris-effet-use-et-delave-homme-project-x-paris-t19918.jpg', 92),
(435, '1587388505mzz70692_black_xl.jpg', 92),
(436, '1587388506no_ref_0813.jpg', 92),
(437, '1587388517no_ref_0813.jpg', 91),
(438, '1587388517product_9678051hd.jpg', 91),
(439, '1587388518téléchargementjeans1.jpg', 91),
(440, '1587388518téléchargementjeans3.jpg', 91),
(441, '158738852851uh1iNRJGL._AC_UX385_.jpg', 90),
(442, '158738852813580247_1_700x.jpg', 90),
(443, '1587388529téléchargementjeans.jpg', 90),
(444, '1587388529téléchargementjeans1.jpg', 90),
(445, '1587388529téléchargementjeans3.jpg', 90),
(446, '1587388541jean-regular-fit-stretch-homme.jpg', 89),
(447, '1587388541jeans-homme-habille-stretch-pantalon-denim-homme-s.jpg', 89),
(448, '1587388541mzz70692_black_xl.jpg', 89),
(449, '1587388542no_ref_0813.jpg', 89),
(450, '1587388542product_9678051hd.jpg', 89),
(451, '1587388542téléchargementjeans3.jpg', 89),
(452, '1587388554jeans-homme-habille-stretch-pantalon-denim-homme-s.jpg', 99),
(453, '1587388554rBVaR1qzYLKAdk2cAAXiV3DgAYs392.jpg', 99),
(454, '1587388555téléchargementjeans.jpg', 99),
(455, '1587388555téléchargementjeans1.jpg', 99),
(456, '1587388555téléchargementjeans3.jpg', 99),
(457, '158738856851uh1iNRJGL._AC_UX385_.jpg', 98),
(458, '1587388568jeans-homme-habille-stretch-pantalon-denim-homme-s.jpg', 98),
(459, '1587388568jean-skinny-gris-effet-use-et-delave-homme-project-x-paris-t19918.jpg', 98),
(460, '1587388568téléchargementjeans.jpg', 98),
(461, '1587388568téléchargementjeans1.jpg', 98),
(462, '1587388913images.sjpg.jpg', 110),
(463, '1587388913imagessou.jpg', 110),
(464, '1587388923DIM_6578_0HZ_01.jpg', 109),
(465, '1587388924HTB1pa8gKXXXXXbJXpXXq6xXFXXXL.jpg_350x350.jpg', 109),
(466, '1587388924imagessou.jpg', 109),
(467, '15873889812_w1.jpg', 108),
(468, '1587388981imagessou.jpg', 108),
(469, '1587388981imagessous-vet.jpg', 108),
(470, '1587389007sous-images.jpg', 107),
(471, '1587389007sousvetement.jpg', 107),
(472, '1587389007téléchargementsous-v.jpg', 107),
(473, '1587389018lot_de_3_boxers_homme_coton_bio_athena_-_coton_stretch_-_rouille-marine-gris_55.jpg', 106),
(474, '1587389018sous-.jpg', 106),
(475, '1587389018sous-images.jpg', 106),
(476, '1587389018sousvetement.jpg', 106),
(477, '1587389029images.sjpg.jpg', 105),
(478, '1587389030imagessou.jpg', 105),
(479, '1587389030lot_de_3_boxers_homme_coton_bio_athena_-_coton_stretch_-_rouille-marine-gris_55.jpg', 105),
(480, '1587389030sous-.jpg', 105),
(481, '1587389045DIM_6578_0HZ_01.jpg', 104),
(482, '1587389045HTB1pa8gKXXXXXbJXpXXq6xXFXXXL.jpg_350x350.jpg', 104),
(483, '1587389045lot_de_3_boxers_homme_coton_bio_athena_-_coton_stretch_-_rouille-marine-gris_55.jpg', 104),
(484, '1587389045sous-.jpg', 104),
(485, '1587389057HTB1pa8gKXXXXXbJXpXXq6xXFXXXL.jpg_350x350.jpg', 103),
(486, '1587389057imagessou.jpg', 103),
(487, '1587389057sousvetement.jpg', 103),
(488, '15873890702_w1.jpg', 102),
(489, '1587389070imagessou.jpg', 102),
(490, '1587389070sous-images.jpg', 102),
(491, '1587389070téléchargementsous-v.jpg', 102),
(492, '1587389080imagessou.jpg', 101),
(493, '1587389080sous-.jpg', 101),
(494, '1587389080sousvetement.jpg', 101),
(495, '1587389097images.sjpg.jpg', 100),
(496, '1587389097imagessous-vet.jpg', 100),
(497, '1587389097lot_de_3_boxers_homme_coton_bio_athena_-_coton_stretch_-_rouille-marine-gris_55.jpg', 100),
(498, '158738956651adxeQOrXL._AC_UY395_.jpg', 122),
(499, '158738956661wqPfv6GSL._AC_UY500_.jpg', 122),
(500, '1587389566chaine-en-or-jaune-24-carats-figaro-collier-pour-l.jpg', 122),
(501, '15873895790-PERSOL-PO-3012V-900-52-18-9671_HD.jpg', 121),
(502, '1587389580lunettes-de-soleil-homme-dior.jpg', 121),
(503, '1587389580ray-ban-monture-de-lunettes-de-vue-homme.jpg', 121),
(504, '1587389591chapeaut.jpg', 120),
(505, '1587389591chapeaut2.jpg', 120),
(506, '1587389591chapeautt.jpg', 120),
(507, '1587389602BRI01111_2,brixton,chapeau-homme-feutre.jpg', 119),
(508, '1587389602Chapeau-fedora-homme-Camel.jpg', 119),
(509, '1587389602chapeau-homme-cure.jpg', 119),
(510, '1587389615dior-diorevolution-csa2k (1).jpg', 118),
(511, '1587389615dior-diorevolution-csa2k.jpg', 118),
(512, '1587389615GIORGIO-ARMANI-AR-7164-5001-49-20-27225_HD.jpg', 118),
(513, '1587389634lunettes-de-soleil-homme.jpg', 117),
(514, '1587389634lunettes-de-soleil-homme-dior.jpg', 117),
(515, '1587389635lunnette.jpg', 117),
(516, '1587389635ray-ban-monture-de-lunettes-de-vue-homme.jpg', 117),
(517, '1587389653dior-diorevolution-csa2k (1).jpg', 116),
(518, '1587389653dior-diorevolution-csa2k.jpg', 116),
(519, '1587389653lunettes-de-soleil-homme.jpg', 116),
(520, '1587389653lunettes-de-soleil-homme-dior.jpg', 116),
(521, '1587389653lunnette.jpg', 116),
(522, '1587389653ray-ban-monture-de-lunettes-de-vue-homme.jpg', 116),
(523, '1587389668313sExneabL._AC_UY395_.jpg', 115),
(524, '1587389668chaine-en-or-jaune-24-carats-figaro-collier-pour-l.jpg', 115),
(525, '1587389668collier-et-pendentif-guess-bijoux--homme-umn28002_1163703_1200x1200.jpg', 115),
(526, '1587389669collier-homme-acier-avec-pendentif-croix.jpg', 115),
(527, '158738968351adxeQOrXL._AC_UY395_.jpg', 114),
(528, '1587389683313sExneabL._AC_UY395_.jpg', 114),
(529, '1587389683chaine-en-or-jaune-24-carats-figaro-collier-pour-l.jpg', 114),
(530, '1587389683collier-et-pendentif-guess-bijoux--homme-umn28002_1163703_1200x1200.jpg', 114),
(531, '1587389684collier-homme-acier-avec-pendentif-croix.jpg', 114),
(532, '1587389697611r7skgZML._AC_UX522_.jpg', 113),
(533, '1587389697ceinture-porsche-design-michigan-40-cuir-noir-homme-selection-rs-mini-911-4090000006.jpg', 113),
(534, '1587389697genmedia_PIC1755059_RL_01_w1260_c217224230255.jpg', 113),
(535, '1587389708611r7skgZML._AC_UX522_.jpg', 112),
(536, '1587389708ceinture-porsche-design-michigan-40-cuir-noir-homme-selection-rs-mini-911-4090000006.jpg', 112),
(537, '1587389708genmedia_PIC1755059_RL_01_w1260_c217224230255.jpg', 112),
(538, '1587389709gurtel.jpg', 112),
(539, '1587389725Chapeau-fedora-homme-Camel.jpg', 111),
(540, '1587389726chapeaut.jpg', 111),
(541, '1587389726I-Grande-8131-chapeau-panama-homme.net.jpg', 111),
(542, '1587390746s-l300.jpg', 132),
(543, '1587390746survetement-complet-homme-violento-noir-zip-vert.jpg', 132),
(544, '1587390746unnamed.jpg', 132),
(545, '1587390754images.jpg', 131),
(546, '1587390755s-l300.jpg', 131),
(547, '1587390755survetement-complet-homme-violento-noir-zip-vert.jpg', 131),
(548, '158739076361I0NZ79sqL._AC_UX385_.jpg', 130),
(549, '1587390763french-connection-classic-sweat-jogger-pantalon-de-sport-homme-grey-grey-mel-marine-2-w28-l32.jpg', 130),
(550, '1587390764images.jpg', 130),
(551, '158739077351sI4Jb34jL._AC_UX385_.jpg', 129),
(552, '158739077461I0NZ79sqL._AC_UX385_.jpg', 129),
(553, '158739077481JO-Ty1eOL._UX342_.jpg', 129),
(554, '15873907746594512_500_A.jpg', 129),
(555, '1587390785265109913-zoom_prd_3s_1140x1140.jpg', 128),
(556, '1587390785Collant-Blanc-homme-Sport-Homme-Bas-Blanc-Sous-Vêtement-Blanc-a7796c561c033735a2eb6c-BlancBleuBleu-FoncéNoirRouge-Soirée-1.jpg', 128),
(557, '1587390785collant-sous-vetement-sport-homme.jpg', 128),
(558, '1587390795265109913-zoom_prd_3s_1140x1140.jpg', 127),
(559, '1587390796Collant-Blanc-homme-Sport-Homme-Bas-Blanc-Sous-Vêtement-Blanc-a7796c561c033735a2eb6c-BlancBleuBleu-FoncéNoirRouge-Soirée-1.jpg', 127),
(560, '1587390796collant-sous-vetement-sport-homme-pa017.jpg', 127),
(561, '1587390797ensemble-de-vetement-sport-homme-4-pieces-fitness.jpg', 127),
(562, '158739080851sI4Jb34jL._AC_UX385_.jpg', 126),
(563, '158739080861I0NZ79sqL._AC_UX385_.jpg', 126),
(564, '158739080881JO-Ty1eOL._UX342_.jpg', 126),
(565, '15873908086594512_500_A.jpg', 126),
(566, '1587390808265109913-zoom_prd_3s_1140x1140.jpg', 126),
(567, '158739082651sI4Jb34jL._AC_UX385_.jpg', 125),
(568, '158739082661I0NZ79sqL._AC_UX385_.jpg', 125),
(569, '158739082681JO-Ty1eOL._UX342_.jpg', 125),
(570, '15873908266594512_500_A.jpg', 125),
(571, '15873908416594512_500_A.jpg', 124),
(572, '1587390841265109913-zoom_prd_3s_1140x1140.jpg', 124),
(573, '1587390841Collant-Blanc-homme-Sport-Homme-Bas-Blanc-Sous-Vêtement-Blanc-a7796c561c033735a2eb6c-BlancBleuBleu-FoncéNoirRouge-Soirée-1.jpg', 124),
(574, '1587390841collant-sous-vetement-sport-homme.jpg', 124),
(575, '1587390841collant-sous-vetement-sport-homme-pa017.jpg', 124),
(576, '158739086161I0NZ79sqL._AC_UX385_.jpg', 123),
(577, '1587390862images.jpg', 123),
(578, '1587390862s-l300.jpg', 123),
(579, '1587390862survetement-complet-homme-violento-noir-zip-vert.jpg', 123),
(580, '158739108651PgSnLjC0L._AC_UY500_.jpg', 143),
(581, '1587391086images.jpg', 143),
(582, '1587391086téléchargement.jpg', 143),
(583, '158739109651PgSnLjC0L._AC_UY500_.jpg', 142),
(584, '1587391096images.jpg', 142),
(585, '1587391096téléchargement.jpg', 142),
(586, '1587391106Chaussures-homme-mode.jpg', 141),
(587, '1587391106chaussures-homme-serpent-noir-talon-acier-elegantes.jpg', 141),
(588, '1587391106eozy-derby-chaussure-en-cuir-homme-habille-soul.jpg', 141),
(589, '1587391122chaussure-homme-bottines-homme-bottes-d-hiver-chau.jpg', 140),
(590, '1587391122chaussures-homme-boots-botttes-tige-hautes-paltes.jpg', 140),
(591, '1587391123chaussures-homme-fluchos.jpg', 140),
(592, '158739113411866551_500_A.jpg', 139),
(593, '1587391135bradstreet-chukka-leather.jpg', 139),
(594, '1587391135chaussures-homme-fluchos.jpg', 139),
(595, '15873911488398028_500_A.jpg', 138),
(596, '158739114811866551_500_A.jpg', 138),
(597, '1587391148bradstreet-chukka-leather.jpg', 138),
(598, '1587391148chaussures-homme-boots-botttes-tige-hautes-paltes.jpg', 138),
(599, '1587391157Chaussures-homme-mode.jpg', 137),
(600, '1587391157chaussures-homme-serpent-noir-talon-acier-elegantes.jpg', 137),
(601, '1587391157eozy-derby-chaussure-en-cuir-homme-habille-soul.jpg', 137),
(602, '1587391158images.jpg', 137),
(603, '1587391158téléchargement.jpg', 137),
(604, '15873911698398028_500_A.jpg', 136),
(605, '158739116911866551_500_A.jpg', 136),
(606, '1587391169bradstreet-chukka-leather.jpg', 136),
(607, '1587391169Chaussures-homme-mode.jpg', 136),
(608, '1587391169eozy-derby-chaussure-en-cuir-homme-habille-soul.jpg', 136),
(609, '158739118151PgSnLjC0L._AC_UY500_.jpg', 135),
(610, '15873911818398028_500_A.jpg', 135),
(611, '1587391181Chaussures-homme-mode.jpg', 135),
(612, '1587391181chaussures-homme-serpent-noir-talon-acier-elegantes.jpg', 135),
(613, '1587391196chaussures-homme-boots-botttes-tige-hautes-paltes.jpg', 134),
(614, '1587391196chaussures-homme-fluchos.jpg', 134),
(615, '1587391196Chaussures-homme-mode.jpg', 134),
(616, '1587391196chaussures-homme-serpent-noir-talon-acier-elegantes.jpg', 134),
(617, '1587391196eozy-derby-chaussure-en-cuir-homme-habille-soul.jpg', 134),
(618, '15873912078398028_500_A.jpg', 133),
(619, '158739120711866551_500_A.jpg', 133),
(620, '1587391207bradstreet-chukka-leather.jpg', 133),
(621, '1587391207chaussures-homme-boots-botttes-tige-hautes-paltes.jpg', 133),
(622, '1587391208téléchargement.jpg', 133),
(623, '158739146560196-08130-f-1-hd.jpg', 155),
(624, '1587391465cardigan-gris-emporio-balzani-g702c.jpg', 155),
(625, '1587391465Gilet-cardigan-homme-1.jpg', 155),
(626, '1587391475cardigan-gris-emporio-balzani-g702c.jpg', 154),
(627, '1587391475Gilet-cardigan-homme-1.jpg', 154),
(628, '1587391476gilet-hiver-homme-en-laine-homme-epais-col-montant.jpg', 154),
(629, '1587391494Gilet-cardigan-homme-1.jpg', 153),
(630, '1587391494gilet-hiver-homme-en-laine-homme-epais-col-montant.jpg', 153),
(631, '1587391494gilet-homme-laine-homme-epais-hiver-col-montant-ca.jpg', 153),
(632, '1587391502gilet-homme-laine-homme-epais-hiver-col-montant-ca.jpg', 152),
(633, '1587391502images (1).jpg', 152),
(634, '1587391502images (2).jpg', 152),
(635, '1587391510images (3).jpg', 151),
(636, '1587391510images.jpg', 151),
(637, '1587391510le-pull-francais-marius-gris-chine.jpg', 151),
(638, '1587391519images (3).jpg', 150),
(639, '1587391519images.jpg', 150),
(640, '1587391519le-pull-francais-marius-gris-chine.jpg', 150),
(641, '1587391519rBVaEFnq_lqAVzV9AAQslbcUE2w745.jpg', 150),
(642, '1587391519téléchargement (1).jpg', 150),
(643, '1587391519téléchargement.jpg', 150),
(644, '1587391531Gilet-cardigan-homme-1.jpg', 149),
(645, '1587391531images (2).jpg', 149),
(646, '1587391531images.jpg', 149),
(647, '1587391531le-pull-francais-marius-gris-chine.jpg', 149),
(648, '1587391531rBVaEFnq_lqAVzV9AAQslbcUE2w745.jpg', 149),
(649, '1587391542images (3).jpg', 148),
(650, '1587391542images.jpg', 148),
(651, '1587391542le-pull-francais-marius-gris-chine.jpg', 148),
(652, '1587391542rBVaEFnq_lqAVzV9AAQslbcUE2w745.jpg', 148),
(653, '1587391552cardigan-gris-emporio-balzani-g702c.jpg', 147),
(654, '1587391552images (2).jpg', 147),
(655, '1587391552images (3).jpg', 147),
(656, '1587391552images.jpg', 147),
(657, '1587391552le-pull-francais-marius-gris-chine.jpg', 147),
(658, '1587391565images.jpg', 146),
(659, '1587391565le-pull-francais-marius-gris-chine.jpg', 146),
(660, '1587391565téléchargement (1).jpg', 146),
(661, '1587391565téléchargement.jpg', 146),
(662, '158739157860196-08130-f-1-hd.jpg', 145),
(663, '1587391578gilet-hiver-homme-en-laine-homme-epais-col-montant.jpg', 145),
(664, '1587391578gilet-homme-laine-homme-epais-hiver-col-montant-ca.jpg', 145),
(665, '1587391578images (1).jpg', 145),
(666, '1587391588gilet-hiver-homme-en-laine-homme-epais-col-montant.jpg', 144),
(667, '1587391588gilet-homme-laine-homme-epais-hiver-col-montant-ca.jpg', 144),
(668, '1587391588images (2).jpg', 144),
(669, '1587391588images (3).jpg', 144),
(670, '1587391891714KI8vDZ4L._AC_UY550_.jpg', 166),
(671, '158739189110796 - Gallery.jpg', 166),
(672, '1587391892947576_500_A.jpg', 166),
(673, '158739190010796 - Gallery.jpg', 165),
(674, '15873919016809930_500_A.jpg', 165),
(675, '158739190113791607_500_A.jpg', 165),
(676, '1587391911947576_500_A.jpg', 164),
(677, '15873919116809930_500_A.jpg', 164),
(678, '158739191113791607_500_A.jpg', 164),
(679, '1587391911chemise-de-nuit-forez.jpg', 164),
(680, '158739192113791607_500_A.jpg', 163),
(681, '1587391921chemise-de-nuit-forez.jpg', 163),
(682, '1587391921G_300402018507_233_VFP_1.jpg', 163),
(683, '1587391921images (1).jpg', 163),
(684, '158739193413791607_500_A.jpg', 162),
(685, '1587391934images (1).jpg', 162),
(686, '1587391934images (2).jpg', 162),
(687, '1587391934images (3).jpg', 162),
(688, '1587391943G_300402018507_233_VFP_1.jpg', 161),
(689, '1587391943images (1).jpg', 161),
(690, '1587391943images (2).jpg', 161),
(691, '1587391943images (4).jpg', 161),
(692, '1587391952images (3).jpg', 160),
(693, '1587391952images (4).jpg', 160),
(694, '1587391952images.jpg', 160),
(695, '1587391952I-Moyenne-2664-liquette-pour-homme-en-coton.net.jpg', 160),
(696, '1587391964images (3) - Copie.jpg', 159),
(697, '1587391964images (4) - Copie.jpg', 159),
(698, '1587391964I-Moyenne-2664-liquette-pour-homme-en-coton.net - Copie.jpg', 159),
(699, '1587391965téléchargement (1).jpg', 159),
(700, '1587391965téléchargement.jpg', 159),
(701, '1587391976images (2).jpg', 158),
(702, '1587391976images (3).jpg', 158),
(703, '1587391976images (4) - Copie.jpg', 158),
(704, '1587391976images (4).jpg', 158),
(705, '1587391977I-Moyenne-2664-liquette-pour-homme-en-coton.net.jpg', 158),
(706, '1587391977téléchargement (1).jpg', 158),
(707, '1587391977téléchargement.jpg', 158),
(708, '1587391987947576_500_A.jpg', 157),
(709, '158739198713791607_500_A.jpg', 157),
(710, '1587391988chemise-de-nuit-forez.jpg', 157),
(711, '1587391988G_300402018507_233_VFP_1.jpg', 157),
(712, '1587391988I-Moyenne-2664-liquette-pour-homme-en-coton.net - Copie.jpg', 157),
(713, '1587392003images (2).jpg', 156),
(714, '1587392003images (3) - Copie - Copie.jpg', 156),
(715, '1587392003images (4) - Copie - Copie.jpg', 156),
(718, '1587392215320_____L4_8709-0_366_FS_rgb_1920_65910.png', 177),
(719, '1587392215unnamed (1).jpg', 177),
(720, '1587392215unnamed.jpg', 177),
(721, '1587392223images (1).jpg', 176),
(722, '1587392223images.jpg', 176),
(723, '1587392223le-capitaine-fanion-corail-short-de-bain-fanion-corail.jpg', 176),
(724, '158739223261L+EcboZXL._AC_UX569_.jpg', 175),
(725, '158739223261Yx3NlfyIL._AC_SX466_.jpg', 175),
(726, '1587392232téléchargement.jpg', 175),
(727, '1587392247le-capitaine-fanion-corail-short-de-bain-fanion-corail.jpg', 174),
(728, '1587392248maillot-de-bain-boxer-homme-orange.jpg', 174),
(729, '1587392248maillot-de-bain-homme-ellesse_5855705.jpeg', 174),
(730, '1587392248maillot-de-bain-homme-natation-pour-piscine-short.jpg', 174),
(731, '1587392258maillot-de-bain-homme-ellesse_5855705.jpeg', 173),
(732, '1587392258maillot-de-bain-homme-natation-pour-piscine-short.jpg', 173),
(733, '1587392258maillot-de-bain-homme-rik-tuca-aqua.jpg', 173),
(734, '1587392258rBVaR1t72iKAT6upAAtpR7Eabf4016.jpg', 173),
(735, '1587392258sicile-maillot-de-bain-homme-shorty-bleu.jpg', 173),
(736, '1587392258sicile-maillot-de-bain-homme-shorty-marine.jpg', 173),
(737, '1587392271320_____L4_8709-0_366_FS_rgb_1920_65910.png', 172),
(738, '1587392271images (1).jpg', 172),
(739, '1587392271images.jpg', 172),
(740, '1587392271le-capitaine-fanion-corail-short-de-bain-fanion-corail.jpg', 172),
(741, '1587392271maillot-de-bain-boxer-homme-orange.jpg', 172),
(742, '1587392272sicile-maillot-de-bain-homme-shorty-marine.jpg', 172),
(743, '1587392287320_____L4_8709-0_366_FS_rgb_1920_65910.png', 171),
(744, '1587392287images (1).jpg', 171),
(745, '1587392287maillot-de-bain-homme-ellesse_5855705.jpeg', 171),
(746, '1587392288maillot-de-bain-homme-natation-pour-piscine-short.jpg', 171),
(747, '1587392288maillot-de-bain-homme-rik-tuca-aqua.jpg', 171),
(748, '1587392288rBVaR1t72iKAT6upAAtpR7Eabf4016.jpg', 171),
(749, '1587392288sicile-maillot-de-bain-homme-shorty-bleu.jpg', 171),
(750, '158739229961L+EcboZXL._AC_UX569_.jpg', 170),
(751, '158739229961Yx3NlfyIL._AC_SX466_.jpg', 170),
(752, '1587392299maillot-de-bain-homme-ellesse_5855705.jpeg', 170),
(753, '1587392299maillot-de-bain-homme-natation-pour-piscine-short.jpg', 170),
(754, '1587392300maillot-de-bain-homme-rik-tuca-aqua.jpg', 170),
(755, '1587392300rBVaR1t72iKAT6upAAtpR7Eabf4016.jpg', 170),
(756, '1587392300sicile-maillot-de-bain-homme-shorty-bleu.jpg', 170),
(757, '158739231161L+EcboZXL._AC_UX569_.jpg', 169),
(758, '158739231161Yx3NlfyIL._AC_SX466_.jpg', 169),
(759, '1587392311320_____L4_8709-0_366_FS_rgb_1920_65910.png', 169),
(760, '1587392311téléchargement.jpg', 169),
(761, '1587392311unnamed (1).jpg', 169),
(762, '1587392311unnamed.jpg', 169),
(763, '1587392325le-capitaine-fanion-corail-short-de-bain-fanion-corail.jpg', 168),
(764, '1587392326maillot-de-bain-boxer-homme-orange.jpg', 168),
(765, '1587392326maillot-de-bain-homme-natation-pour-piscine-short.jpg', 168),
(766, '1587392326maillot-de-bain-homme-rik-tuca-aqua.jpg', 168),
(767, '1587392326rBVaR1t72iKAT6upAAtpR7Eabf4016.jpg', 168),
(768, '1587392337le-capitaine-fanion-corail-short-de-bain-fanion-corail.jpg', 167),
(769, '1587392337maillot-de-bain-boxer-homme-orange.jpg', 167),
(770, '1587392338maillot-de-bain-homme-ellesse_5855705.jpeg', 167),
(771, '1587392338maillot-de-bain-homme-natation-pour-piscine-short.jpg', 167),
(772, '1587392338maillot-de-bain-homme-rik-tuca-aqua.jpg', 167),
(773, '1587392338rBVaR1t72iKAT6upAAtpR7Eabf4016.jpg', 167),
(774, '158739254766deff21-b9b3-43dc-8e57-f334860f3d08.__CR0,0,300,300_PT0_SX300_V1___.jpg', 187),
(775, '1587392547265091614-zoom_prd_3s_1140x1140.jpg', 187),
(776, '158739254873123412779901ba2ae5974964d94397.jpg', 187),
(777, '1587392548blouse-femme-imprime-liberty.jpg', 187),
(778, '1587392558265091614-zoom_prd_3s_1140x1140.jpg', 186),
(779, '158739255973123412779901ba2ae5974964d94397.jpg', 186),
(780, '1587392559blouse-femme-imprime-liberty.jpg', 186),
(781, '1587392559bowknot-blouses-femmes-d-ete-chemise-a-manches-lon.jpg', 186),
(782, '158739256873123412779901ba2ae5974964d94397.jpg', 185),
(783, '1587392568blouse-femme-imprime-liberty.jpg', 185),
(784, '1587392568bowknot-blouses-femmes-d-ete-chemise-a-manches-lon.jpg', 185),
(785, '1587392569chemise-blouse-femme-a-pinces-ecru.jpg', 185),
(786, '1587392578chemise-blouse-femme-a-pinces-ecru.jpg', 184),
(787, '1587392578hmprod.jpg', 184),
(788, '1587392578images (1).jpg', 184),
(789, '1587392578images (2).jpg', 184),
(790, '1587392578images (3).jpg', 184),
(791, '1587392590images (2).jpg', 183),
(792, '1587392590images (3).jpg', 183),
(793, '1587392590images.jpg', 183),
(794, '1587392590ISASSY-Chemisier-Femme-Manches-Longues-Col-V-Mousseline-de-Soie-Uni-Blouse-Shirt-Top-Loose-Casual-Bleu-Blanc-0.jpg', 183),
(795, '1587392590téléchargement (1).jpg', 183),
(796, '1587392601265091614-zoom_prd_3s_1140x1140.jpg', 182),
(797, '158739260173123412779901ba2ae5974964d94397.jpg', 182),
(798, '1587392601téléchargement.jpg', 182),
(799, '1587392601tomwell-chemisier-femme-chic-blouse-elegant-manche (1).jpg', 182),
(800, '1587392601tomwell-chemisier-femme-chic-blouse-elegant-manche.jpg', 182),
(801, '158739261873123412779901ba2ae5974964d94397.jpg', 181),
(802, '1587392619blouse-femme-imprime-liberty.jpg', 181),
(803, '1587392619bowknot-blouses-femmes-d-ete-chemise-a-manches-lon.jpg', 181),
(804, '1587392619images (1).jpg', 181),
(805, '1587392619images (2).jpg', 181),
(806, '1587392619images (3).jpg', 181),
(807, '1587392619images.jpg', 181),
(808, '1587392619ISASSY-Chemisier-Femme-Manches-Longues-Col-V-Mousseline-de-Soie-Uni-Blouse-Shirt-Top-Loose-Casual-Bleu-Blanc-0.jpg', 181),
(809, '158739263573123412779901ba2ae5974964d94397.jpg', 180),
(810, '1587392635blouse-femme-imprime-liberty.jpg', 180),
(811, '1587392635chemise-blouse-femme-a-pinces-ecru.jpg', 180),
(812, '1587392635hmprod.jpg', 180),
(813, '1587392660images (2).jpg', 179),
(814, '1587392660images (3).jpg', 179),
(815, '1587392660téléchargement.jpg', 179),
(816, '1587392660tomwell-chemisier-femme-chic-blouse-elegant-manche (1).jpg', 179),
(817, '1587392671chemise-blouse-femme-a-pinces-ecru.jpg', 178),
(818, '1587392671hmprod.jpg', 178),
(819, '1587392671images (2).jpg', 178),
(820, '1587392671ISASSY-Chemisier-Femme-Manches-Longues-Col-V-Mousseline-de-Soie-Uni-Blouse-Shirt-Top-Loose-Casual-Bleu-Blanc-0.jpg', 178),
(821, '1587392671téléchargement (1).jpg', 178),
(822, '158739285551gftt2TVwL._AC_UX385_.jpg', 197),
(823, '158739285551XgVkGwljL._AC_UX385_.jpg', 197),
(824, '158739285668afb6e5f903586be8d2cbf0e72a98c1.jpg', 197),
(825, '158739286768afb6e5f903586be8d2cbf0e72a98c1.jpg', 196),
(826, '15873928679914d50ab0a84083444a9881c04ac425.jpg', 196),
(827, '1587392868images (1).jpg', 196),
(828, '1587392868téléchargement (1).jpg', 196),
(829, '15873928849914d50ab0a84083444a9881c04ac425.jpg', 195),
(830, '1587392885images.jpg', 195),
(831, '1587392885téléchargement (1).jpg', 195),
(832, '1587392885téléchargement (2).jpg', 195),
(833, '1587392895téléchargement (1).jpg', 194),
(834, '1587392895téléchargement (2).jpg', 194),
(835, '1587392895téléchargement (3).jpg', 194),
(836, '1587392895veste-blazer-droite-bleu-fonc-femme-dc-36125242610500777.jpg', 194),
(837, '1587392903téléchargement (3).jpg', 193),
(838, '1587392904veste-blazer-droite-bleu-fonc-femme-dc-36125242610500777.jpg', 193),
(839, '1587392904WT107S-6411-1.jpg', 193),
(840, '1587392904Zeagoo-Manteau-Femme-Fourrure-Amovible-Zip-Veste-Femme-Longue-Chaud--Capuche-Slim-2-Ensemble-Pour-Hiver-Parka-Matelasse-0.jpg', 193),
(841, '158739291468afb6e5f903586be8d2cbf0e72a98c1.jpg', 192),
(842, '15873929159914d50ab0a84083444a9881c04ac425.jpg', 192),
(843, '1587392916images.jpg', 192),
(844, '1587392916téléchargement (3).jpg', 192),
(845, '1587392916veste-blazer-droite-bleu-fonc-femme-dc-36125242610500777.jpg', 192),
(846, '158739292751XgVkGwljL._AC_UX385_.jpg', 191),
(847, '15873929279914d50ab0a84083444a9881c04ac425.jpg', 191),
(848, '1587392928images (1).jpg', 191),
(849, '1587392928images.jpg', 191),
(850, '1587392928téléchargement (1).jpg', 191),
(851, '1587392942images (1).jpg', 190),
(852, '1587392942images.jpg', 190),
(853, '1587392942téléchargement (1).jpg', 190),
(854, '1587392942téléchargement (2).jpg', 190),
(855, '1587392942téléchargement (3).jpg', 190),
(856, '15873929549914d50ab0a84083444a9881c04ac425.jpg', 189),
(857, '1587392955images (1).jpg', 189),
(858, '1587392955images.jpg', 189),
(859, '1587392955téléchargement (1).jpg', 189),
(860, '1587392955téléchargement (2).jpg', 189),
(861, '15873929659914d50ab0a84083444a9881c04ac425.jpg', 188),
(862, '1587392966images (1).jpg', 188),
(863, '1587392966images.jpg', 188),
(864, '1587392966téléchargement (3).jpg', 188),
(865, '1587392967téléchargement.jpg', 188),
(866, '1587393563Blazer-long-H-M.jpg', 207),
(867, '1587393563HTB1rBAHboLrK1Rjy1zbq6AenFXa8.jpg', 207),
(868, '1587393563HTB12ha7ajDuK1RjSszdq6xGLpXa3.jpg_350x350.jpg', 207),
(869, '1587393600508.jpg', 206),
(870, '1587393600Blazer-long-H-M.jpg', 206),
(871, '1587393600images (2).jpg', 206),
(872, '15873936112.jpg', 205),
(873, '1587393611508.jpg', 205),
(874, '1587393612Blazer-long-H-M.jpg', 205),
(875, '1587393612images (2).jpg', 205),
(876, '1587393618images (1).jpg', 204),
(877, '1587393618images (3).jpg', 204),
(878, '1587393618images (4).jpg', 204),
(879, '1587393625images (3).jpg', 203),
(880, '1587393625images (4).jpg', 203),
(881, '1587393625images (5).jpg', 203),
(882, '1587393625images (6).jpg', 203),
(883, '15873936331.jpg', 202),
(884, '1587393633images (6).jpg', 202),
(885, '1587393633images.jpg', 202),
(886, '1587393633unnamed.jpg', 202),
(887, '1587393633uta-raasch-le-blazer-infroissable-rose.jpg', 202),
(888, '15873936411.jpg', 201),
(889, '15873936412.jpg', 201),
(890, '1587393641Blazer-long-H-M.jpg', 201),
(891, '1587393642uta-raasch-le-blazer-infroissable-rose.jpg', 201),
(892, '1587393649images (1).jpg', 200),
(893, '1587393649images (2).jpg', 200),
(894, '1587393649images (3).jpg', 200),
(895, '1587393649images (4).jpg', 200),
(896, '1587393649images (5).jpg', 200),
(897, '1587393668508.jpg', 199),
(898, '1587393668Blazer-long-H-M.jpg', 199),
(899, '1587393668images (1).jpg', 199),
(900, '1587393668images (2).jpg', 199),
(901, '1587393677353.jpg', 198),
(902, '1587393677images (1).jpg', 198),
(903, '1587393677images (2).jpg', 198),
(904, '1587393677images (4).jpg', 198),
(905, '1587393677images (5).jpg', 198),
(906, '158739386451sbMOXWNrL._AC_SY679_.jpg', 217),
(907, '158739386461-ZvzHSYEL.__AC_SX342_QL70_ML2_.jpg', 217),
(908, '158739386471qLigK0t2L._AC_UY445_.jpg', 217),
(909, '1587393864images (1).jpg', 217),
(910, '1587393871images (1).jpg', 216),
(911, '1587393871images (2).jpg', 216),
(912, '1587393871images (3).jpg', 216),
(913, '1587393881images (3).jpg', 215),
(914, '1587393881images (4).jpg', 215),
(915, '1587393881images (5).jpg', 215),
(916, '1587393881images (6).jpg', 215),
(917, '1587393881images.jpg', 215),
(918, '158739389251sbMOXWNrL._AC_SY679_.jpg', 214),
(919, '158739389261-ZvzHSYEL.__AC_SX342_QL70_ML2_.jpg', 214),
(920, '1587393892jupe-femme-automne-et-hiver-mi-longue-en-laine-san.jpg', 214),
(921, '1587393892KL384-2019-nouvelle-jupe-femmes-mode-jupes-florales-Streetwear-taille-haute-d-contract-e-jupe-d.jpg_q50.jpg', 214),
(922, '1587393892rBVaVVyjX9aAWn2XAAJrhZtozQk976.jpg', 214),
(923, '1587393893téléchargement.jpg', 214),
(924, '158739390361-ZvzHSYEL.__AC_SX342_QL70_ML2_.jpg', 213),
(925, '158739390371qLigK0t2L._AC_UY445_.jpg', 213),
(926, '1587393903images (1).jpg', 213),
(927, '1587393903images (2).jpg', 213),
(928, '1587393903images (3).jpg', 213),
(929, '1587393913images (2).jpg', 212),
(930, '1587393913images (3).jpg', 212),
(931, '1587393913images (4).jpg', 212),
(932, '1587393913images (5).jpg', 212),
(933, '1587393913images (6).jpg', 212),
(934, '1587393913images.jpg', 212),
(935, '1587393926images (1).jpg', 211),
(936, '1587393926images (2).jpg', 211),
(937, '1587393926images (3).jpg', 211),
(938, '1587393926images (5).jpg', 211),
(939, '1587393926images.jpg', 211),
(940, '1587393926jupe-femme-automne-et-hiver-mi-longue-en-laine-san.jpg', 211),
(941, '158739393851sbMOXWNrL._AC_SY679_.jpg', 210),
(942, '1587393938images (3).jpg', 210),
(943, '1587393938images (5).jpg', 210),
(944, '1587393938images.jpg', 210),
(945, '1587393938jupe-femme-automne-et-hiver-mi-longue-en-laine-san.jpg', 210),
(946, '1587393938KL384-2019-nouvelle-jupe-femmes-mode-jupes-florales-Streetwear-taille-haute-d-contract-e-jupe-d.jpg_q50.jpg', 210),
(947, '1587393938rBVaVVyjX9aAWn2XAAJrhZtozQk976.jpg', 210),
(948, '1587393947images (2).jpg', 209),
(949, '1587393947images (5).jpg', 209),
(950, '1587393947images (6).jpg', 209),
(951, '1587393948images.jpg', 209),
(952, '1587393948jupe-femme-automne-et-hiver-mi-longue-en-laine-san.jpg', 209),
(953, '158739395561-ZvzHSYEL.__AC_SX342_QL70_ML2_.jpg', 208),
(954, '158739395571qLigK0t2L._AC_UY445_.jpg', 208),
(955, '1587393955images (2).jpg', 208),
(956, '1587393955images (4).jpg', 208),
(957, '15873943428f8051e432d04fa7b89369c00cc53bbb_350x350.jpg', 227),
(958, '158739434251PClEHr+qL._AC_SY450_.jpg', 227),
(959, '158739434261fcFmS6EdL._AC_UX385_.jpg', 227),
(960, '158739435961jzwDx6cYL._AC_UX679_.jpg', 226),
(961, '158739436061vVHRRV-UL._AC_UX679_.jpg', 226),
(962, '158739436071o+7ZKlFiL._AC_UX385_.jpg', 226),
(963, '1587394369images.jpg', 225),
(964, '1587394369rBVaVFwzZcyASyofAAJgNiItdQc566.jpg', 225),
(965, '1587394369Sexy-Fancy-Lingeries-Women-Underwear-Sexy-Lace-Panty (1).jpg', 225),
(966, '1587394379Sexy-Fancy-Lingeries-Women-Underwear-Sexy-Lace-Panty (2).jpg', 224),
(967, '1587394379Sexy-Fancy-Lingeries-Women-Underwear-Sexy-Lace-Panty.jpg', 224),
(968, '1587394379sexy-lingeries-femmes-transparente-underwear-strin.jpg', 224),
(969, '1587394379Sexy-Mousse-Europe-femmes-soutien-gorge-Lingerie-ultra-mince-dentelle-sexy-fille-transparent-ensemble-de-sous.jpg', 224),
(970, '158739439271o+7ZKlFiL._AC_UX385_.jpg', 223),
(971, '1587394392rBVaVFwzZcyASyofAAJgNiItdQc566.jpg', 223),
(972, '1587394392Sexy-Fancy-Lingeries-Women-Underwear-Sexy-Lace-Panty (1).jpg', 223),
(973, '1587394392Sexy-Fancy-Lingeries-Women-Underwear-Sexy-Lace-Panty (2).jpg', 223),
(974, '15873944008f8051e432d04fa7b89369c00cc53bbb_350x350.jpg', 222),
(975, '1587394400shorty-en-dentelle-bleu-clair-femme-dc-36125179810030898.jpg', 222),
(976, '1587394400téléchargement.jpg', 222),
(977, '15873944118f8051e432d04fa7b89369c00cc53bbb_350x350.jpg', 221),
(978, '158739441151PClEHr+qL._AC_SY450_.jpg', 221),
(979, '158739441161fcFmS6EdL._AC_UX385_.jpg', 221),
(980, '158739441161jzwDx6cYL._AC_UX679_.jpg', 221),
(981, '158739441161vVHRRV-UL._AC_UX679_.jpg', 221),
(982, '158739441171o+7ZKlFiL._AC_UX385_.jpg', 221),
(983, '158739443161jzwDx6cYL._AC_UX679_.jpg', 220),
(984, '158739443271o+7ZKlFiL._AC_UX385_.jpg', 220),
(985, '1587394432images.jpg', 220),
(986, '1587394432Sexy-Fancy-Lingeries-Women-Underwear-Sexy-Lace-Panty (1).jpg', 220),
(987, '1587394432Sexy-Fancy-Lingeries-Women-Underwear-Sexy-Lace-Panty.jpg', 220),
(988, '1587394432Sexy-Mousse-Europe-femmes-soutien-gorge-Lingerie-ultra-mince-dentelle-sexy-fille-transparent-ensemble-de-sous.jpg', 220),
(989, '158739450061fcFmS6EdL._AC_UX385_.jpg', 219),
(990, '158739450061vVHRRV-UL._AC_UX679_.jpg', 219),
(991, '158739450171o+7ZKlFiL._AC_UX385_.jpg', 219),
(992, '1587394501images.jpg', 219),
(993, '15873945148f8051e432d04fa7b89369c00cc53bbb_350x350.jpg', 218),
(994, '158739451451PClEHr+qL._AC_SY450_.jpg', 218),
(995, '158739451461fcFmS6EdL._AC_UX385_.jpg', 218),
(996, '1587394514rBVaVFwzZcyASyofAAJgNiItdQc566.jpg', 218),
(997, '1587394515téléchargement.jpg', 218),
(998, '15873949622019-Fashion_grande.jpg', 237),
(999, '1587394962chemise-de-nuit-femme-dentelle-avec-g-string.jpg', 237),
(1000, '1587394963chemise-de-nuit-longue-100-coton-cottage-721.jpg', 237),
(1001, '158739497851DyEGlz5iL._AC_UX385_.jpg', 236),
(1002, '15873949782019-Fashion_grande.jpg', 236),
(1003, '1587394978chemise-de-nuit-femme-dentelle-avec-g-string.jpg', 236),
(1004, '1587394978chemise-de-nuit-longue-100-coton-cottage-721.jpg', 236),
(1005, '1587394991images (1).jpg', 235),
(1006, '1587394991images (2).jpg', 235),
(1007, '1587394991images (3).jpg', 235),
(1008, '1587395002nuisette-femme-sexy-femmes-chemises-de-nuit-et.jpg', 234),
(1009, '1587395002product-image-843294408_grande.jpg', 234),
(1010, '1587395002smrocco-9372-1029131-1.jpg', 234),
(1011, '1587395002Women-Sexy-.jpg', 234),
(1012, '1587395011images.jpg', 233),
(1013, '1587395011nuisette-femme-sexy-femmes-chemises-de-nuit-et.jpg', 233),
(1014, '1587395012product-image-843294408_grande.jpg', 233),
(1015, '1587395012smrocco-9372-1029131-1.jpg', 233),
(1016, '1587395023chemise-de-nuit-femme-dentelle-avec-g-string.jpg', 232),
(1017, '1587395023nuisette-femme-sexy-femmes-chemises-de-nuit-et.jpg', 232),
(1018, '1587395023product-image-843294408_grande.jpg', 232),
(1019, '1587395023smrocco-9372-1029131-1.jpg', 232),
(1020, '1587395023Women-Sexy-.jpg', 232),
(1021, '1587395041chemise-de-nuit-femme-dentelle-avec-g-string.jpg', 231),
(1022, '1587395041chemise-de-nuit-longue-100-coton-cottage-721.jpg', 231),
(1023, '1587395041images (1).jpg', 231),
(1024, '1587395041images (2).jpg', 231),
(1025, '1587395041images.jpg', 231),
(1026, '1587395041product-image-843294408_grande.jpg', 231),
(1027, '15873950532019-Fashion_grande.jpg', 230),
(1028, '1587395053chemise-de-nuit-femme-dentelle-avec-g-string.jpg', 230),
(1029, '1587395053images (2).jpg', 230),
(1030, '1587395053images.jpg', 230),
(1031, '1587395063images.jpg', 229),
(1032, '1587395063nuisette-femme-sexy-femmes-chemises-de-nuit-et.jpg', 229),
(1033, '1587395063product-image-843294408_grande.jpg', 229),
(1034, '1587395063smrocco-9372-1029131-1.jpg', 229),
(1035, '1587395063Women-Sexy-.jpg', 229),
(1036, '1587395075images (1).jpg', 228),
(1037, '1587395075images (2).jpg', 228),
(1038, '1587395075images (3).jpg', 228),
(1039, '158739529261rAy4kdVrL._AC_UX385_.jpg', 66),
(1040, '1587395292Maillot_de_bain_1_Piece_Femme_Ronde_Col_Montant_et_Violette_Dentelle_3_1200x1200.jpg', 66),
(1041, '1587395292Maillot_de_bain_1_Piece_Grande_Taille_Col_Montant_Bleu_Dentelle_2_1200x1200.jpg', 66),
(1042, '1587395292Maillot+de+bain+de+natation+femme+une+pi+ce+Vega+skirt+noir+Typ.jpg', 66),
(1043, '15873953049873859-1-black.jpg', 65),
(1044, '1587395304201806061649137798470.jpg', 65),
(1045, '1587395304maillot-1-piece-noir-julia.jpg', 65),
(1046, '1587395304maillot-de-bain-1-piece-controle-noir_242200-1_1200x1200.jpg', 65),
(1047, '1587395324images (3).jpg', 64),
(1048, '1587395324images (4).jpg', 64),
(1049, '1587395325images (5).jpg', 64),
(1050, '1587395325images (6).jpg', 64),
(1051, '15873953349873859-1-black.jpg', 63),
(1052, '1587395334201806061649137798470.jpg', 63),
(1053, '1587395334201809181748532552876.jpg', 63),
(1054, '1587395334images (6).jpg', 63),
(1055, '15873953459619209-1-miniheart.jpg', 62),
(1056, '1587395345201809181748532552876.jpg', 62),
(1057, '1587395345images (3).jpg', 62),
(1058, '1587395345Maillot+de+bain+de+natation+femme+une+pi+ce+Vega+skirt+noir+Typ.jpg', 62),
(1059, '1587395346maillot-1-piece-noir-julia.jpg', 62),
(1060, '1587395347maillot-de-bain-1-piece-controle-noir_242200-1_1200x1200.jpg', 62),
(1061, '1587395364images (4).jpg', 61),
(1062, '1587395364Maillot+de+bain+de+natation+femme+une+pi+ce+Vega+skirt+noir+Typ.jpg', 61),
(1063, '1587395365maillot-de-bain-1-piece-controle-noir_242200-1_1200x1200.jpg', 61),
(1064, '1587395365maillot-de-bain-bleu-en-dentelle-ajouree.jpg', 61),
(1065, '1587395365onepiece-despi-charming-op-black-0_525_500_defined.jpg', 61),
(1066, '1587395391images (4).jpg', 60),
(1067, '1587395392images (6).jpg', 60),
(1068, '1587395392images (7).jpg', 60),
(1069, '1587395392images (8).jpg', 60),
(1070, '1587395392onepiece-despi-charming-op-black-0_525_500_defined.jpg', 60),
(1071, '15873954029873859-1-black.jpg', 59),
(1072, '1587395402femme-maillots-de-bain-1-piece-noir-licol-en-dente.jpg', 59),
(1073, '1587395402images (4).jpg', 59);
INSERT INTO `image` (`id`, `path`, `id_product`) VALUES
(1074, '1587395414Maillot_de_bain_1_Piece_Femme_Ronde_Col_Montant_et_Violette_Dentelle_3_1200x1200.jpg', 58),
(1075, '1587395414Maillot_de_bain_1_Piece_Grande_Taille_Col_Montant_Bleu_Dentelle_2_1200x1200.jpg', 58),
(1076, '1587395415maillot-de-bain-1-piece-controle-noir_242200-1_1200x1200.jpg', 58),
(1077, '1587395415maillot-de-bain-bleu-en-dentelle-ajouree.jpg', 58),
(1078, '1587395415onepiece-despi-charming-op-black-0_525_500_defined.jpg', 58),
(1079, '15873954279619209-1-miniheart.jpg', 57),
(1080, '15873954279873859-1-black.jpg', 57),
(1081, '1587395427201806061649137798470.jpg', 57),
(1082, '1587395427201809181748532552876.jpg', 57),
(1083, '1587395427femme-maillots-de-bain-1-piece-noir-licol-en-dente.jpg', 57),
(1084, '1587395428images (3).jpg', 57),
(1085, '1587395439images (3).jpg', 56),
(1086, '1587395439images (4).jpg', 56),
(1087, '1587395439images (5).jpg', 56),
(1088, '1587395439images (6).jpg', 56),
(1089, '1587395439images (7).jpg', 56),
(1090, '1587395439images (8).jpg', 56),
(1091, '1587395892minetom-femme-2-piece-casual-ensemble-de-sportswea.jpg', 247),
(1092, '1587395892minetom-femme-casual-2-piece-ensemble-survetement.jpg', 247),
(1093, '1587395892téléchargement.jpg', 247),
(1094, '15873959022019-maille-Sport-Leggings-femmes-Fitness-Gym-Yoga-pantalon-Leggins-Sportswear-pantalons-de-Jogging-à-bretelles.jpg', 246),
(1095, '1587395902images.jpg', 246),
(1096, '1587395902minetom-femme-2-piece-casual-ensemble-de-sportswea.jpg', 246),
(1097, '1587395912images.jpg', 245),
(1098, '1587395912minetom-femme-2-piece-casual-ensemble-de-sportswea.jpg', 245),
(1099, '1587395912minetom-femme-casual-2-piece-ensemble-survetement.jpg', 245),
(1100, '1587395912pantalon-nike-sportswear-woven-track-2020814-D_NQ_NP_864891-MLA32372566924_092019-F.jpg', 245),
(1101, '1587395912s-l300.jpg', 245),
(1102, '1587395922unnamed (1).jpg', 244),
(1103, '1587395922unnamed.jpg', 244),
(1104, '1587395922Women-Sweat-Suit-Sportswear-Hot-selling-2018.jpg_350x350.jpg', 244),
(1105, '1587395935minetom-femme-casual-2-piece-ensemble-survetement.jpg', 243),
(1106, '1587395935pantalon-nike-sportswear-woven-track-2020814-D_NQ_NP_864891-MLA32372566924_092019-F.jpg', 243),
(1107, '1587395935s-l300.jpg', 243),
(1108, '1587395935téléchargement.jpg', 243),
(1109, '1587395935tomwell-survetement-femmes-sportswear-manches-long.jpg', 243),
(1110, '1587395957minetom-femme-casual-2-piece-ensemble-survetement.jpg', 242),
(1111, '1587395957pantalon-nike-sportswear-woven-track-2020814-D_NQ_NP_864891-MLA32372566924_092019-F.jpg', 242),
(1112, '1587395957s-l300.jpg', 242),
(1113, '1587395957tomwell-survetement-femmes-sportswear-manches-long.jpg', 242),
(1114, '1587395966images.jpg', 241),
(1115, '1587395967minetom-femme-2-piece-casual-ensemble-de-sportswea.jpg', 241),
(1116, '1587395967pantalon-nike-sportswear-woven-track-2020814-D_NQ_NP_864891-MLA32372566924_092019-F.jpg', 241),
(1117, '1587395967téléchargement.jpg', 241),
(1118, '1587395967tomwell-survetement-femmes-sportswear-manches-long.jpg', 241),
(1119, '1587395978minetom-femme-casual-2-piece-ensemble-survetement.jpg', 240),
(1120, '1587395978pantalon-nike-sportswear-woven-track-2020814-D_NQ_NP_864891-MLA32372566924_092019-F.jpg', 240),
(1121, '1587395978s-l300.jpg', 240),
(1122, '1587395978téléchargement.jpg', 240),
(1123, '1587395978tomwell-survetement-femmes-sportswear-manches-long.jpg', 240),
(1124, '15873959902019-maille-Sport-Leggings-femmes-Fitness-Gym-Yoga-pantalon-Leggins-Sportswear-pantalons-de-Jogging-à-bretelles.jpg', 239),
(1125, '1587395990images.jpg', 239),
(1126, '1587395990minetom-femme-2-piece-casual-ensemble-de-sportswea.jpg', 239),
(1127, '1587395990minetom-femme-casual-2-piece-ensemble-survetement.jpg', 239),
(1128, '1587395990pantalon-nike-sportswear-woven-track-2020814-D_NQ_NP_864891-MLA32372566924_092019-F.jpg', 239),
(1129, '1587396001minetom-femme-casual-2-piece-ensemble-survetement.jpg', 238),
(1130, '1587396001pantalon-nike-sportswear-woven-track-2020814-D_NQ_NP_864891-MLA32372566924_092019-F.jpg', 238),
(1131, '1587396002s-l300.jpg', 238),
(1132, '1587396002tomwell-survetement-femmes-sportswear-manches-long.jpg', 238),
(1133, '1587396002unnamed (1).jpg', 238),
(1134, '1587396002unnamed.jpg', 238),
(1135, '158739701314_10_red_5_361386_1600x.jpg', 257),
(1136, '158739701351ilG0c9lHL._AC_UX385_.jpg', 257),
(1137, '158739701361VcJO9fvCL._AC_UX385_.jpg', 257),
(1138, '158739701381vhm3uRRnL._AC_UX342_.jpg', 257),
(1139, '158739702314_10_red_5_361386_1600x.jpg', 256),
(1140, '158739702351ilG0c9lHL._AC_UX385_.jpg', 256),
(1141, '158739702361VcJO9fvCL._AC_UX385_.jpg', 256),
(1142, '158739702381vhm3uRRnL._AC_UX342_.jpg', 256),
(1143, '15873970245190LGcyJjL._AC_SX425_.jpg', 256),
(1144, '15873970325190LGcyJjL._AC_SX425_.jpg', 255),
(1145, '1587397033images (1).jpg', 255),
(1146, '1587397033images (2).jpg', 255),
(1147, '158739704981vhm3uRRnL._AC_UX342_.jpg', 254),
(1148, '15873970495190LGcyJjL._AC_SX425_.jpg', 254),
(1149, '1587397049images.jpg', 254),
(1150, '1587397050l-arrivee-de-nouveaux-sweatshirts-et-hoodies-femme.jpg', 254),
(1151, '1587397063images.jpg', 253),
(1152, '1587397063rBVaVVyIr6qANVJSAAQLc_BLazg058.jpg', 253),
(1153, '1587397063téléchargement (1).jpg', 253),
(1154, '1587397063téléchargement (2).jpg', 253),
(1155, '1587397063téléchargement.jpg', 253),
(1156, '158739707751ilG0c9lHL._AC_UX385_.jpg', 252),
(1157, '158739707761VcJO9fvCL._AC_UX385_.jpg', 252),
(1158, '158739707781vhm3uRRnL._AC_UX342_.jpg', 252),
(1159, '15873970775190LGcyJjL._AC_SX425_.jpg', 252),
(1160, '1587397077images (1).jpg', 252),
(1161, '158739708881vhm3uRRnL._AC_UX342_.jpg', 251),
(1162, '1587397088images (2).jpg', 251),
(1163, '1587397088images.jpg', 251),
(1164, '1587397088l-arrivee-de-nouveaux-sweatshirts-et-hoodies-femme.jpg', 251),
(1165, '158739710651ilG0c9lHL._AC_UX385_.jpg', 250),
(1166, '158739710661VcJO9fvCL._AC_UX385_.jpg', 250),
(1167, '158739710681vhm3uRRnL._AC_UX342_.jpg', 250),
(1168, '1587397106rBVaVVyIr6qANVJSAAQLc_BLazg058.jpg', 250),
(1169, '1587397106téléchargement (2).jpg', 250),
(1170, '158739711714_10_red_5_361386_1600x.jpg', 249),
(1171, '158739711751ilG0c9lHL._AC_UX385_.jpg', 249),
(1172, '158739711861VcJO9fvCL._AC_UX385_.jpg', 249),
(1173, '158739711881vhm3uRRnL._AC_UX342_.jpg', 249),
(1174, '1587397134images (1).jpg', 248),
(1175, '1587397134images (2).jpg', 248),
(1176, '1587397134images.jpg', 248),
(1177, '1587397134rBVaVVyIr6qANVJSAAQLc_BLazg058.jpg', 248),
(1178, '1587397134téléchargement (1).jpg', 248),
(1179, '1587397692512C9dEPkML._AC_SX355_.jpg', 267),
(1180, '1587397692images (2).jpg', 267),
(1181, '1587397692images (3).jpg', 267),
(1182, '1587397703images (2).jpg', 266),
(1183, '1587397704images (3).jpg', 266),
(1184, '1587397704téléchargement (3).jpg', 266),
(1185, '1587397704trousse-de-toilette-rose-corail-femme-wf627_5_fcf1.jpg', 266),
(1186, '1587397714téléchargement (1).jpg', 265),
(1187, '1587397714téléchargement (2).jpg', 265),
(1188, '1587397714téléchargement (3).jpg', 265),
(1189, '1587397714téléchargement.jpg', 265),
(1190, '1587397733aloha-tiare-eau-de-toilette-.jpg', 264),
(1191, '1587397733goldarome-sweet-devil-eau-de-toilette-femme-100ml.jpg', 264),
(1192, '1587397733guess-double-dare-eau-de-toilette-femme-100-ml-parfum-guess-parfum-guess.jpg', 264),
(1193, '1587397734images (6).jpg', 264),
(1194, '158739774616049941_500_A.jpg', 263),
(1195, '158739774616049967_500_A.jpg', 263),
(1196, '1587397746images.jpg', 263),
(1197, '1587397746images.png', 263),
(1198, '1587397761hmgoepprod (1).jpg', 262),
(1199, '1587397761hmgoepprod (2).jpg', 262),
(1200, '1587397761hmgoepprod (3).jpg', 262),
(1201, '1587397762hmgoepprod.jpg', 262),
(1202, '1587397774512C9dEPkML._AC_SX355_.jpg', 261),
(1203, '15873977741363.jpg', 261),
(1204, '1587397774images (4).jpg', 261),
(1205, '1587397774téléchargement (2).jpg', 261),
(1206, '1587397783girl-belle-eau-de-toilette-femme-100-ml-parfum-guess-parfum-guess.jpg', 260),
(1207, '1587397783goldarome-sweet-devil-eau-de-toilette-femme-100ml.jpg', 260),
(1208, '1587397784guess-double-dare-eau-de-toilette-femme-100-ml-parfum-guess-parfum-guess.jpg', 260),
(1209, '1587397784light-blue-sun-eau-de-toilette-femme-dolce-gabbana.jpg', 260),
(1210, '1587397801512C9dEPkML._AC_SX355_.jpg', 259),
(1211, '15873978011363.jpg', 259),
(1212, '1587397801images (3).jpg', 259),
(1213, '1587397801images (4).jpg', 259),
(1214, '1587397814aloha-tiare-eau-de-toilette-.jpg', 258),
(1215, '1587397814girl-belle-eau-de-toilette-femme-100-ml-parfum-guess-parfum-guess.jpg', 258),
(1216, '1587397814goldarome-sweet-devil-eau-de-toilette-femme-100ml.jpg', 258),
(1217, '1587397815light-blue-sun-eau-de-toilette-femme-dolce-gabbana.jpg', 258),
(1218, '158739784916049967_500_A.jpg', 55),
(1219, '1587397849hmgoepprod (3).jpg', 55),
(1220, '1587397850hmgoepprod.jpg', 55),
(1221, '1587397850images (1).jpg', 55),
(1222, '1587409557gilet-de-soiree-fils-metallises-argentes-grandes-tailles-femme-gris-argente.jpg', 277),
(1223, '1587409557gt-teeshirt.jpg', 277),
(1224, '1587409557images (1).jpg', 277),
(1225, '1587409570gt-teeshirt.jpg', 276),
(1226, '1587409570images (1).jpg', 276),
(1227, '1587409570images (3).jpg', 276),
(1228, '1587409580images.jpg', 275),
(1229, '1587409580int-1-kanal-urban-romantic-gg-0820-1594976.jpg', 275),
(1230, '1587409580jean-taille-elastique-plane-grandes-tailles-femme-bleu-fonce_806957-1_1140x1140.jpg', 275),
(1231, '1587409580Robe_Trapeze_Grande_Taille_Dentelle_Blanche_Froide_Epaule_1_580x.jpg', 275),
(1232, '1587409592images (1).jpg', 274),
(1233, '1587409592images (3).jpg', 274),
(1234, '1587409592int-1-kanal-urban-romantic-gg-0820-1594976.jpg', 274),
(1235, '1587409592unnamed.jpg', 274),
(1236, '1587409604jean-taille-elastique-plane-grandes-tailles-femme-bleu-fonce_806957-1_1140x1140.jpg', 273),
(1237, '1587409604jupe-imprime-jacquard-imprime-jacquard-grande-taille-femme-kiabi.jpg', 273),
(1238, '1587409605téléchargement (1).jpg', 273),
(1239, '1587409605téléchargement.jpg', 273),
(1240, '1587409616jupe-imprime-jacquard-imprime-jacquard-grande-taille-femme-kiabi.jpg', 272),
(1241, '1587409617Robe_Trapeze_Grande_Taille_Dentelle_Blanche_Froide_Epaule_1_580x.jpg', 272),
(1242, '1587409617téléchargement (1).jpg', 272),
(1243, '1587409617téléchargement.jpg', 272),
(1244, '1587409617unnamed (1).jpg', 272),
(1245, '1587409632gt-teeshirt.jpg', 271),
(1246, '1587409632images (1).jpg', 271),
(1247, '1587409632images (2).jpg', 271),
(1248, '1587409632images (3).jpg', 271),
(1249, '1587409632unnamed.jpg', 271),
(1250, '1587409646jean-taille-elastique-plane-grandes-tailles-femme-bleu-fonce_806957-1_1140x1140.jpg', 270),
(1251, '1587409646jupe-imprime-jacquard-imprime-jacquard-grande-taille-femme-kiabi.jpg', 270),
(1252, '1587409646Robe_Trapeze_Grande_Taille_Dentelle_Blanche_Froide_Epaule_1_580x.jpg', 270),
(1253, '1587409646téléchargement (1).jpg', 270),
(1254, '1587409646téléchargement.jpg', 270),
(1255, '1587409658images (2).jpg', 269),
(1256, '1587409658images (3).jpg', 269),
(1257, '1587409658images.jpg', 269),
(1258, '1587409658téléchargement.jpg', 269),
(1259, '1587409658unnamed.jpg', 269),
(1260, '1587409670images (3).jpg', 268),
(1261, '1587409670images.jpg', 268),
(1262, '1587409670jean-taille-elastique-plane-grandes-tailles-femme-bleu-fonce_806957-1_1140x1140.jpg', 268),
(1263, '1587409670téléchargement.jpg', 268),
(1264, '1587409670unnamed (1).jpg', 268),
(1265, '1587409932images (1).jpg', 287),
(1266, '1587409932images (2).jpg', 287),
(1267, '1587409933images (3).jpg', 287),
(1268, '1587409933images (4).jpg', 287),
(1269, '1587409942images (4).jpg', 286),
(1270, '1587409942images (5).jpg', 286),
(1271, '1587409942images (6).jpg', 286),
(1272, '1587409942images (7).jpg', 286),
(1273, '1587409951images (6).jpg', 285),
(1274, '1587409951images (8).jpg', 285),
(1275, '1587409951images (9).jpg', 285),
(1276, '1587409952images (10).jpg', 285),
(1277, '1587409964images (10).jpg', 284),
(1278, '1587409964images.jpg', 284),
(1279, '1587409965téléchargement (2).jpg', 284),
(1280, '1587409965téléchargement.jpg', 284),
(1281, '1587409978images (7).jpg', 283),
(1282, '1587409978images.jpg', 283),
(1283, '1587409978téléchargement (2).jpg', 283),
(1284, '1587409978téléchargement.jpg', 283),
(1285, '1587409978unnamed.jpg', 283),
(1286, '1587410009images (2).jpg', 282),
(1287, '1587410009images (3).jpg', 282),
(1288, '1587410009unnamed (1).jpg', 282),
(1289, '1587410010unnamed.jpg', 282),
(1290, '1587410021images (1).jpg', 281),
(1291, '1587410021images (5).jpg', 281),
(1292, '1587410021images (8).jpg', 281),
(1293, '1587410021images (10).jpg', 281),
(1294, '1587410021unnamed.jpg', 281),
(1295, '1587410030images (2).jpg', 280),
(1296, '1587410030images (3).jpg', 280),
(1297, '1587410030images (5).jpg', 280),
(1298, '1587410030unnamed (1).jpg', 280),
(1299, '1587410031unnamed.jpg', 280),
(1300, '1587410045images (2).jpg', 279),
(1301, '1587410045images (3).jpg', 279),
(1302, '1587410045images (4).jpg', 279),
(1303, '1587410045images (5).jpg', 279),
(1304, '1587410045images (7).jpg', 279),
(1305, '1587410066images (2).jpg', 278),
(1306, '1587410066images (3).jpg', 278),
(1307, '1587410066images (6).jpg', 278),
(1308, '1587410066images (7).jpg', 278),
(1309, '1587410066images (8).jpg', 278),
(1310, '1587410066unnamed.jpg', 278),
(1311, '158741052561BHecb5FNL._AC_UX385_.jpg', 367),
(1312, '158741052561xMD2xEmNL._AC_UX385_.jpg', 367),
(1313, '1587410525images (1).jpg', 367),
(1314, '1587410525images (2).jpg', 367),
(1315, '158741053561xMD2xEmNL._AC_UX385_.jpg', 366),
(1316, '1587410535images (1).jpg', 366),
(1317, '1587410535images (2).jpg', 366),
(1318, '1587410535images (3).jpg', 366),
(1319, '1587410545images (3).jpg', 365),
(1320, '1587410545images (4).jpg', 365),
(1321, '1587410545images.jpg', 365),
(1322, '1587410545SANFASHION-Sweat-Col-Bateau-Tops-Femme-Pull-Simple-Manche-Longue-Casaul-Shirt-lgant-Haut-Mode-0-1.jpg', 365),
(1323, '1587410556téléchargement.jpg', 364),
(1324, '1587410556top-femme-en-soie.jpg', 364),
(1325, '1587410556tops-femme.jpg', 364),
(1326, '1587410557tops-femme-.jpg', 364),
(1327, '1587410575images (4).jpg', 363),
(1328, '1587410575téléchargement (1).jpg', 363),
(1329, '1587410575téléchargement.jpg', 363),
(1330, '1587410575top-femme-en-soie.jpg', 363),
(1331, '1587410575tops-femme.jpg', 363),
(1332, '1587410588téléchargement.jpg', 362),
(1333, '1587410588top-femme-en-soie.jpg', 362),
(1334, '1587410589tops-femme.jpg', 362),
(1335, '1587410589t-shirt-col-v-femme-noir-zp400417-s4-produit-650x699.jpg', 362),
(1336, '1587410604images (1).jpg', 361),
(1337, '1587410604images (2).jpg', 361),
(1338, '1587410604images (3).jpg', 361),
(1339, '1587410604images (4).jpg', 361),
(1340, '1587410604téléchargement (1).jpg', 361),
(1341, '1587410604t-shirt-col-v-femme-noir-zp400417-s4-produit-650x699.jpg', 361),
(1342, '1587410615images (4).jpg', 360),
(1343, '1587410615SANFASHION-Sweat-Col-Bateau-Tops-Femme-Pull-Simple-Manche-Longue-Casaul-Shirt-lgant-Haut-Mode-0-1.jpg', 360),
(1344, '1587410615téléchargement (1).jpg', 360),
(1345, '1587410615téléchargement.jpg', 360),
(1346, '1587410615top-femme-en-soie.jpg', 360),
(1347, '1587410626t-shirt-col-v-femme-noir-zp400417-s4-produit-650x699.jpg', 359),
(1348, '158741062661xMD2xEmNL._AC_UX385_.jpg', 359),
(1349, '1587410626images (1).jpg', 359),
(1350, '1587410626images (2).jpg', 359),
(1351, '1587410626images (3).jpg', 359),
(1352, '1587410626images (4).jpg', 359),
(1353, '1587410637images.jpg', 358),
(1354, '1587410637téléchargement (1).jpg', 358),
(1355, '1587410637téléchargement.jpg', 358),
(1356, '1587410637tops-femme.jpg', 358),
(1357, '1587410638tops-femme-.jpg', 358),
(1358, '15874108069506984722462.jpg', 387),
(1359, '1587410806ATG03500_40881500012_1.jpg', 387),
(1360, '1587410807H-M.jpg', 387),
(1361, '1587410819ATG03500_40881500012_1.jpg', 386),
(1362, '1587410819H-M.jpg', 386),
(1363, '1587410819images (1).jpg', 386),
(1364, '1587410830images (1).jpg', 385),
(1365, '1587410830images.jpg', 385),
(1366, '1587410831Massimo-Dutti.jpg', 385),
(1367, '1587410844pull-col-v-femme--pp401476-s4-produit-493x530.jpg', 384),
(1368, '1587410845pull-femme-en-maille-douce (1).jpg', 384),
(1369, '1587410845pull-femme-en-maille-douce.jpg', 384),
(1370, '1587410860téléchargement (1).jpg', 383),
(1371, '1587410860téléchargement (2).jpg', 383),
(1372, '1587410860téléchargement.jpg', 383),
(1373, '15874108709506984722462.jpg', 382),
(1374, '1587410870UE04257U-01-pull-femme-capucine.jpg', 382),
(1375, '1587410871veste-en-molleton-femme.jpg', 382),
(1376, '1587410882images (1).jpg', 381),
(1377, '1587410882images.jpg', 381),
(1378, '1587410882veste-en-molleton-femme.jpg', 381),
(1379, '1587410897ATG03500_40881500012_1.jpg', 380),
(1380, '1587410898Massimo-Dutti.jpg', 380),
(1381, '1587410898téléchargement.jpg', 380),
(1382, '1587410898UE04257U-01-pull-femme-capucine.jpg', 380),
(1383, '15874109119506984722462.jpg', 379),
(1384, '1587410911H-M.jpg', 379),
(1385, '1587410911images.jpg', 379),
(1386, '1587410911Massimo-Dutti.jpg', 379),
(1387, '1587410911pull-col-v-femme--pp401476-s4-produit-493x530.jpg', 379),
(1388, '1587410912pull-femme-en-maille-douce.jpg', 379),
(1389, '1587410912téléchargement.jpg', 379),
(1390, '1587410927pull-col-v-femme--pp401476-s4-produit-493x530.jpg', 378),
(1391, '1587410927téléchargement (1).jpg', 378),
(1392, '1587410927veste-en-molleton-femme.jpg', 378),
(1393, '15874111393-pièces-ensemble-bébé-filles-chaussures-nouveau-né-vêtements-à-manches-longues-100-coton-dessin-animé.jpg_640x640.jpg', 297),
(1394, '158741113961V1XxhyyhL._AC_UX385_.jpg', 297),
(1395, '158741113971YIzobrXnL._AC_UX385_.jpg', 297),
(1396, '158741115071YIzobrXnL._AC_UX385_.jpg', 296),
(1397, '158741115092915056_o.jpg', 296),
(1398, '158741115115412689698846.jpg', 296),
(1399, '158741116215412689698846.jpg', 295),
(1400, '1587411162aa0e009249d3d0d115c4afeca53fc4c2.jpg', 295),
(1401, '1587411162images (1).jpg', 295),
(1402, '1587411174images (1).jpg', 294),
(1403, '1587411174images (2).jpg', 294),
(1404, '1587411174images.jpg', 294),
(1405, '1587411191images.jpg', 293),
(1406, '1587411191konges-sloejd-mooie-merken-voor-baby-jongen.jpg', 293),
(1407, '1587411191ks1284-body-french-blue-konges-2-z.jpg', 293),
(1408, '1587411191ks1284-body-garcon-konges-slojd-z.jpg', 293),
(1409, '1587411209aa0e009249d3d0d115c4afeca53fc4c2.jpg', 292),
(1410, '1587411209images (1).jpg', 292),
(1411, '1587411209images (2).jpg', 292),
(1412, '1587411209nouveau-ne-bebe-fille-ensemble-vetement-naissance.jpg', 292),
(1413, '1587411209téléchargement (3).jpg', 292),
(1414, '158741122161V1XxhyyhL._AC_UX385_.jpg', 291),
(1415, '1587411222aa0e009249d3d0d115c4afeca53fc4c2.jpg', 291),
(1416, '1587411222images (1).jpg', 291),
(1417, '1587411222konges-sloejd-mooie-merken-voor-baby-jongen.jpg', 291),
(1418, '1587411222ks1284-body-french-blue-konges-2-z.jpg', 291),
(1419, '158741123792915056_o.jpg', 290),
(1420, '1587411237aa0e009249d3d0d115c4afeca53fc4c2.jpg', 290),
(1421, '1587411237images (1).jpg', 290),
(1422, '1587411238images (2).jpg', 290),
(1423, '158741125261V1XxhyyhL._AC_UX385_.jpg', 289),
(1424, '1587411252images (2).jpg', 289),
(1425, '1587411252images.jpg', 289),
(1426, '1587411252konges-sloejd-mooie-merken-voor-baby-jongen.jpg', 289),
(1427, '1587411252téléchargement (3).jpg', 289),
(1428, '15874112643-pièces-ensemble-bébé-filles-chaussures-nouveau-né-vêtements-à-manches-longues-100-coton-dessin-animé.jpg_640x640.jpg', 288),
(1429, '158741126461V1XxhyyhL._AC_UX385_.jpg', 288),
(1430, '158741126471YIzobrXnL._AC_UX385_.jpg', 288),
(1431, '1587411264ks1284-body-garcon-konges-slojd-z.jpg', 288),
(1432, '158741144959a1f614129e7e98fdbc1234c22572fa.jpg', 307),
(1433, '158741144961RS5P7A-CL._AC_SX466_.jpg', 307),
(1434, '1587411449615BQwWc6oL._AC_UX569_.jpg', 307),
(1435, '15874114626140D-yHJNL._AC_UX385_.jpg', 306),
(1436, '15874114631369201_KIT-NAISSANCE-BEBE-FILLE_Sucredorge-30.jpg', 306),
(1437, '1587411463babysoy-body-de-kimono-para-bebes-flor-6-12-meses-D_NQ_NP_924751-MLC26469709101_122017-F.jpg', 306),
(1438, '1587411472bebe-costumes-nouveau-ne-vetements-d-hiver-a-manch.jpg', 305),
(1439, '1587411472ensemble-de-vetements-bebe-fille-noel-costume-fete.jpg', 305),
(1440, '1587411473images (1).jpg', 305),
(1441, '1587411482images (1).jpg', 304),
(1442, '1587411482images.jpg', 304),
(1443, '1587411482vetement-bebe-fille-garcon-nouveau-ne-manteau-a-ca.jpg', 304),
(1444, '1587411483vetement-bebe-fille-nouveau-ne-kimono-costume-barb.jpg', 304),
(1445, '15874114911369201_KIT-NAISSANCE-BEBE-FILLE_Sucredorge-30.jpg', 303),
(1446, '1587411491images.jpg', 303),
(1447, '1587411491vetement-bebe-fille-garcon-nouveau-ne-manteau-a-ca.jpg', 303),
(1448, '1587411492vetement-bebe-fille-nouveau-ne-kimono-costume-barb.jpg', 303),
(1449, '1587411492vetement-bebe-fille-original.jpg', 303),
(1450, '158741150259a1f614129e7e98fdbc1234c22572fa.jpg', 302),
(1451, '1587411503615BQwWc6oL._AC_UX569_.jpg', 302),
(1452, '15874115031369201_KIT-NAISSANCE-BEBE-FILLE_Sucredorge-30.jpg', 302),
(1453, '1587411503images (1).jpg', 302),
(1454, '1587411503images.jpg', 302),
(1455, '1587411503Wholesale-Clothing-Baby-Girl-Custom-Print-Baby.jpg', 302),
(1456, '158741151259a1f614129e7e98fdbc1234c22572fa.jpg', 301),
(1457, '158741151261RS5P7A-CL._AC_SX466_.jpg', 301),
(1458, '15874115126140D-yHJNL._AC_UX385_.jpg', 301),
(1459, '1587411512Wholesale-Clothing-Baby-Girl-Custom-Print-Baby.jpg', 301),
(1460, '158741152361RS5P7A-CL._AC_SX466_.jpg', 300),
(1461, '1587411523babysoy-body-de-kimono-para-bebes-flor-6-12-meses-D_NQ_NP_924751-MLC26469709101_122017-F.jpg', 300),
(1462, '1587411523bebe-costumes-nouveau-ne-vetements-d-hiver-a-manch.jpg', 300),
(1463, '1587411524vetement-bebe-fille-nouveau-ne-kimono-costume-barb.jpg', 300),
(1464, '158741154461RS5P7A-CL._AC_SX466_.jpg', 299),
(1465, '15874115446140D-yHJNL._AC_UX385_.jpg', 299),
(1466, '1587411544bebe-costumes-nouveau-ne-vetements-d-hiver-a-manch.jpg', 299),
(1467, '1587411544vetement-bebe-fille-garcon-nouveau-ne-manteau-a-ca.jpg', 299),
(1468, '1587411545Wholesale-Clothing-Baby-Girl-Custom-Print-Baby.jpg', 299),
(1469, '158741156059a1f614129e7e98fdbc1234c22572fa.jpg', 298),
(1470, '15874115616140D-yHJNL._AC_UX385_.jpg', 298),
(1471, '1587411561images (1).jpg', 298),
(1472, '1587411561vetement-bebe-fille-nouveau-ne-kimono-costume-barb.jpg', 298),
(1473, '1587411561vetement-bebe-fille-original.jpg', 298),
(1474, '158741178018.jpg', 337),
(1475, '158741178041cc0fb1ad210814cbc594613c71448d.jpg', 337),
(1476, '158741178151FfCRQF5AL._AC_UX569_.jpg', 337),
(1477, '158741179051uzy3cmB1L._AC_UX569_.jpg', 336),
(1478, '158741179051V++aIiS7L._AC_UX569_.jpg', 336),
(1479, '158741179061czuutmc1L._AC_UX385_.jpg', 336),
(1480, '158741180061hAv37tt8L._AC_UX385_.jpg', 335),
(1481, '158741180061Voy9Ew03L._AC_UX569_.jpg', 335),
(1482, '1587411800518Tgm-vsTL._AC_UX569_.jpg', 335),
(1483, '15874118111369200_KIT-NAISSANCE-BEBE-GARCON_Sucredorge-30.jpg', 334),
(1484, '1587411811b9f5dd1953e52bb5949126bb51921fce.jpg', 334),
(1485, '1587411811images.jpg', 334),
(1486, '158741182318.jpg', 333),
(1487, '1587411823images.jpg', 333),
(1488, '1587411823téléchargement (1).jpg', 333),
(1489, '1587411823téléchargement.jpg', 333),
(1490, '158741183351FfCRQF5AL._AC_UX569_.jpg', 332),
(1491, '158741183361Voy9Ew03L._AC_UX569_.jpg', 332),
(1492, '1587411833b9f5dd1953e52bb5949126bb51921fce.jpg', 332),
(1493, '1587411834images.jpg', 332),
(1494, '158741184651uzy3cmB1L._AC_UX569_.jpg', 331),
(1495, '158741184761czuutmc1L._AC_UX385_.jpg', 331),
(1496, '15874118471369200_KIT-NAISSANCE-BEBE-GARCON_Sucredorge-30.jpg', 331),
(1497, '1587411847b9f5dd1953e52bb5949126bb51921fce.jpg', 331),
(1498, '1587411847téléchargement.jpg', 331),
(1499, '158741185851V++aIiS7L._AC_UX569_.jpg', 330),
(1500, '158741185861Voy9Ew03L._AC_UX569_.jpg', 330),
(1501, '1587411858518Tgm-vsTL._AC_UX569_.jpg', 330),
(1502, '1587411858b9f5dd1953e52bb5949126bb51921fce.jpg', 330),
(1503, '158741187641cc0fb1ad210814cbc594613c71448d.jpg', 329),
(1504, '158741187651V++aIiS7L._AC_UX569_.jpg', 329),
(1505, '1587411876518Tgm-vsTL._AC_UX569_.jpg', 329),
(1506, '1587411876b9f5dd1953e52bb5949126bb51921fce.jpg', 329),
(1507, '158741189018.jpg', 328),
(1508, '1587411890b9f5dd1953e52bb5949126bb51921fce.jpg', 328),
(1509, '1587411890images.jpg', 328),
(1510, '1587411890téléchargement (1).jpg', 328),
(1511, '15874123952-10-ans-robe-fille-floral-princesse-pompon-jupe-r.jpg', 317),
(1512, '158741239551uMfcL+h5L._SR500,500_.jpg', 317),
(1513, '158741239561eODfYXk6L._AC_UX385_.jpg', 317),
(1514, '158741240561eODfYXk6L._AC_UX385_.jpg', 316),
(1515, '158741240675eaa2ef29910ed202eb10b74752d0bc.jpg', 316),
(1516, '1587412406b8b84cfaebb1610b8ec4079c88fd2358.jpg', 316),
(1517, '1587412417e11bfb3849808f8593182dad066905f2.jpg', 315),
(1518, '1587412417images (1).jpg', 315),
(1519, '1587412417images.jpg', 315),
(1520, '158741242951uMfcL+h5L._SR500,500_.jpg', 314),
(1521, '1587412429images (1).jpg', 314),
(1522, '1587412429images.jpg', 314),
(1523, '1587412443Mode-Fille-Ray-Blouses-Enfants-Shirts-Printemps-chemises-manches-Longues-Enfants-de-V-tements-Fille-Japon.jpg_640x640.jpg', 313),
(1524, '1587412443MP12538314.jpg', 313),
(1525, '1587412443rBVaSVtM2sKALG-kAAHQJUj-QcI089.jpg', 313),
(1526, '158741245251uMfcL+h5L._SR500,500_.jpg', 312),
(1527, '1587412452robe-de-fete-fille-avec-etoiles-en-sequins.jpg', 312),
(1528, '1587412452téléchargement.jpg', 312),
(1529, '15874124672-10-ans-robe-fille-floral-princesse-pompon-jupe-r.jpg', 311),
(1530, '1587412467images (1).jpg', 311),
(1531, '1587412467robe-de-ceremonie-filles-4-14-ans-mousseline-d.jpg', 311),
(1532, '1587412467téléchargement.jpg', 311),
(1533, '15874124812-10-ans-robe-fille-floral-princesse-pompon-jupe-r.jpg', 310),
(1534, '1587412481e11bfb3849808f8593182dad066905f2.jpg', 310),
(1535, '1587412481MP12538314.jpg', 310),
(1536, '1587412481rBVaSVtM2sKALG-kAAHQJUj-QcI089.jpg', 310),
(1537, '158741249351uMfcL+h5L._SR500,500_.jpg', 309),
(1538, '158741249375eaa2ef29910ed202eb10b74752d0bc.jpg', 309),
(1539, '1587412493robe-de-ceremonie-filles-4-14-ans-mousseline-d.jpg', 309),
(1540, '1587412514b8b84cfaebb1610b8ec4079c88fd2358.jpg', 308),
(1541, '1587412515Mode-Fille-Ray-Blouses-Enfants-Shirts-Printemps-chemises-manches-Longues-Enfants-de-V-tements-Fille-Japon.jpg_640x640.jpg', 308),
(1542, '1587412515MP12538314.jpg', 308),
(1543, '15874127733e070bbb1d4bb10b40e5426d734ea25d--products.jpg', 327),
(1544, '158741277361gNH9IZ1PL._AC_UX569_.jpg', 327),
(1545, '158741277361RNi59OpZL._AC_UX679_.jpg', 327),
(1546, '158741278261gNH9IZ1PL._AC_UX569_.jpg', 326),
(1547, '1587412782camisas-ninos-manga-larga-talles-8-a-16-varios-colores-D_NQ_NP_762729-MLU25683479222_062017-F.jpg', 326),
(1548, '1587412782ensemble-costume-garcon-mariage-beige-lin-coton-gilet.jpg', 326),
(1549, '1587412796ensemble-costume-garcon-mariage-beige-lin-coton-gilet.jpg', 325),
(1550, '1587412797f8dd37b9565307c9f8605999e5040e8c.jpg', 325),
(1551, '1587412797images (1).jpg', 325),
(1552, '1587412811camisas-ninos-manga-larga-talles-8-a-16-varios-colores-D_NQ_NP_762729-MLU25683479222_062017-F.jpg', 324),
(1553, '1587412811f8dd37b9565307c9f8605999e5040e8c.jpg', 324),
(1554, '1587412811images (2).jpg', 324),
(1555, '1587412821f8dd37b9565307c9f8605999e5040e8c.jpg', 323),
(1556, '1587412821images (2).jpg', 323),
(1557, '1587412821images.jpg', 323),
(1558, '1587412833images (1).jpg', 322),
(1559, '1587412833images.jpg', 322),
(1560, '1587412833rBVaR1rWvluAIvUmAAIx8wz5Zys893.jpg', 322),
(1561, '1587412843s-l300.jpg', 321),
(1562, '1587412844téléchargement.jpg', 321),
(1563, '1587412844vetement-enfant-tee-shirt-et-short-ensemble-garcon.jpg', 321),
(1564, '1587412852camisas-ninos-manga-larga-talles-8-a-16-varios-colores-D_NQ_NP_762729-MLU25683479222_062017-F.jpg', 320),
(1565, '1587412852images.jpg', 320),
(1566, '1587412852téléchargement.jpg', 320),
(1567, '15874128643e070bbb1d4bb10b40e5426d734ea25d--products.jpg', 319),
(1568, '1587412864ensemble-costume-garcon-mariage-beige-lin-coton-gilet.jpg', 319),
(1569, '1587412865vetement-enfant-tee-shirt-et-short-ensemble-garcon.jpg', 319),
(1570, '158741287661gNH9IZ1PL._AC_UX569_.jpg', 318),
(1571, '1587412876images (1).jpg', 318),
(1572, '1587412876s-l300.jpg', 318),
(1573, '15874131585dea80bd89fef5889bd0eb388e70bd0d--slim-legs-high-waist.jpg', 357),
(1574, '15874131586bd4262b0ccae7a51e9f261dddcb6ce9.jpg', 357),
(1575, '158741315825_005.jpg', 357),
(1576, '15874131696bd4262b0ccae7a51e9f261dddcb6ce9.jpg', 356),
(1577, '1587413169937d1ac399454a4ca69beb57bdab1876.jpg', 356),
(1578, '15874131693140740-1-washedblack.jpg', 356),
(1579, '1587413178937d1ac399454a4ca69beb57bdab1876.jpg', 355),
(1580, '15874131783140740-1-washedblack.jpg', 355),
(1581, '15874131788647421.jpg', 355),
(1582, '15874131883140740-1-washedblack.jpg', 354),
(1583, '15874131888647421.jpg', 354),
(1584, '15874131881486335035.jpg', 354),
(1585, '15874131998647421.jpg', 353),
(1586, '15874131991486335035.jpg', 353),
(1587, '1587413199asos-original-14974.jpg', 353),
(1588, '1587413199images (1).jpg', 353),
(1589, '15874132098647421.jpg', 352),
(1590, '1587413209images (1).jpg', 352),
(1591, '1587413209images (2).jpg', 352),
(1592, '1587413209images (3).jpg', 352),
(1593, '1587413218images (4).jpg', 351),
(1594, '1587413218images (5).jpg', 351),
(1595, '1587413218images (6).jpg', 351),
(1596, '1587413218images.jpg', 351),
(1597, '1587413228images (3).jpg', 350),
(1598, '1587413228images (5).jpg', 350),
(1599, '1587413228images (6).jpg', 350),
(1600, '1587413228images.jpg', 350),
(1601, '15874132395dea80bd89fef5889bd0eb388e70bd0d--slim-legs-high-waist.jpg', 349),
(1602, '158741323925_005.jpg', 349),
(1603, '1587413239images (1).jpg', 349),
(1604, '1587413239images (5).jpg', 349),
(1605, '15874132525dea80bd89fef5889bd0eb388e70bd0d--slim-legs-high-waist.jpg', 348),
(1606, '15874132526bd4262b0ccae7a51e9f261dddcb6ce9.jpg', 348),
(1607, '15874132521486335035.jpg', 348),
(1608, '1587413252asos-original-14974.jpg', 348),
(1609, '1587413252images (6).jpg', 348),
(1610, '1587413252images.jpg', 348),
(1611, '158741416108bdf01b8c6178cbe2f5f52ad8bae4f4.jpg', 347),
(1612, '15874141617704022-01-1.jpg', 347),
(1613, '158741416116842957_350_A.jpg', 347),
(1614, '158741416816842957_350_A.jpg', 346),
(1615, '1587414168a81a6565bd62de4d44adc5769a8aa962.jpg', 346),
(1616, '1587414168bd9128d3afa280c087143603535b9ade.jpg', 346),
(1617, '1587414177a81a6565bd62de4d44adc5769a8aa962.jpg', 345),
(1618, '1587414177bd9128d3afa280c087143603535b9ade.jpg', 345),
(1619, '1587414177dsykgl1581334239265.jpg', 345),
(1620, '15874141887704022-01-1.jpg', 344),
(1621, '1587414188dsykgl1581334239265.jpg', 344),
(1622, '1587414188G_66212651_93_VPP_1.jpg', 344),
(1623, '1587414199bd9128d3afa280c087143603535b9ade.jpg', 343),
(1624, '1587414199H6a6ca72028e748e7a87767f2b1c1536fZ.jpg', 343),
(1625, '1587414200HGAL8R_GRC_1_X.jpg', 343),
(1626, '1587414200images (1).jpg', 343),
(1627, '158741421008bdf01b8c6178cbe2f5f52ad8bae4f4.jpg', 342),
(1628, '1587414210chemise-jean-garcon-enfant-manches-longues-vetemen.jpg', 342),
(1629, '1587414211téléchargement.jpg', 342),
(1630, '158741421908bdf01b8c6178cbe2f5f52ad8bae4f4.jpg', 341),
(1631, '15874142197704022-01-1.jpg', 341),
(1632, '1587414219veste-jean-garcon-enfant-manches-longues-vetements.jpg', 341),
(1633, '1587414230a81a6565bd62de4d44adc5769a8aa962.jpg', 340),
(1634, '1587414230G_66212651_93_VPP_1.jpg', 340),
(1635, '1587414230H6a6ca72028e748e7a87767f2b1c1536fZ.jpg', 340),
(1636, '1587414230HGAL8R_GRC_1_X.jpg', 340),
(1637, '1587414230images (1).jpg', 340),
(1638, '1587414246chemise-jean-garcon-enfant-manches-longues-vetemen.jpg', 339),
(1639, '1587414246H6a6ca72028e748e7a87767f2b1c1536fZ.jpg', 339),
(1640, '1587414246images (1).jpg', 339),
(1641, '1587414246images.jpg', 339),
(1642, '158741425608bdf01b8c6178cbe2f5f52ad8bae4f4.jpg', 338),
(1643, '1587414256bd9128d3afa280c087143603535b9ade.jpg', 338),
(1644, '1587414256images.jpg', 338),
(1645, '1587414256téléchargement.jpg', 338),
(1646, '158741474951Fj+dtsEbL._AC_UX425_.jpg', 377),
(1647, '1587414749images.jpg', 377),
(1648, '1587414749lot-de-5-sous-vetements-en-coton-pour-femme-adol.jpg', 377),
(1649, '1587414762abb64e4f4a022a8bcfed71d928749de5.jpg', 376),
(1650, '1587414762images (1).jpg', 376),
(1651, '1587414762images.jpg', 376),
(1652, '158741477311051640_500_A.jpg', 375),
(1653, '1587414773Chaussures+de+randonn+e+enfant+MH100+JR+roses+24+38.jpg', 375),
(1654, '1587414773chaussures-salome-bebe-fille-garcon-cuir.jpg', 375),
(1655, '158741478471cyu15tsuL._AC_UY500_.jpg', 374),
(1656, '1587414784d4e1be68d2b263f3ea26079ef24b9331.jpg', 374),
(1657, '1587414785téléchargement.jpg', 374),
(1658, '1587414798264809086-zoom_prd_3s_1140x1140.jpg', 373),
(1659, '1587414798pyjama-enfant-.jpg', 373),
(1660, '1587414799pyjama-enfant-2-pieces-homard-indigo-blue.jpg', 373),
(1661, '15874148226116-debardeur-coton-bio-enfant-600x600.jpg', 372),
(1662, '1587414822ed02edb734ae60d92724a3154ceddc5c.jpg', 372),
(1663, '1587414823images.jpg', 372),
(1664, '1587414841images (2).jpg', 371),
(1665, '1587414841pyjama-garcon-pyjamasques-imprime (1).jpg', 371),
(1666, '1587414842sous-vetement-thermique-rugby-enfant-proact.jpg', 371),
(1667, '158741485771cyu15tsuL._AC_UY500_.jpg', 370),
(1668, '1587414858d4e1be68d2b263f3ea26079ef24b9331.jpg', 370),
(1669, '1587414858marque-chaussure-bisgaard-1200x600.png', 370),
(1670, '1587414876264809086-zoom_prd_3s_1140x1140.jpg', 369),
(1671, '1587414876images (3).jpg', 369),
(1672, '1587414876téléchargement (1).jpg', 369),
(1673, '15874148966116-debardeur-coton-bio-enfant-600x600.jpg', 368),
(1674, '1587414896ed02edb734ae60d92724a3154ceddc5c.jpg', 368),
(1675, '1587414896sous-vetement-thermique-rugby-enfant-proact.jpg', 368);

-- --------------------------------------------------------

--
-- Structure de la table `orderdetails`
--

DROP TABLE IF EXISTS `orderdetails`;
CREATE TABLE IF NOT EXISTS `orderdetails` (
  `id` int(11) NOT NULL AUTO_INCREMENT,
  `quantityOrdered` int(11) NOT NULL,
  `id_order` int(11) NOT NULL,
  `id_product` int(11) NOT NULL,
  `priceEach` float NOT NULL,
  PRIMARY KEY (`id`),
  KEY `id_order` (`id_order`),
  KEY `id_product` (`id_product`)
) ENGINE=InnoDB AUTO_INCREMENT=9 DEFAULT CHARSET=utf8mb4;

--
-- Déchargement des données de la table `orderdetails`
--

INSERT INTO `orderdetails` (`id`, `quantityOrdered`, `id_order`, `id_product`, `priceEach`) VALUES
(1, 2, 1, 1, 25),
(2, 1, 2, 25, 46.8),
(3, 1, 2, 205, 52.8),
(4, 1, 2, 209, 24),
(5, 2, 3, 226, 28.8),
(6, 2, 3, 219, 24),
(7, 1, 4, 99, 18),
(8, 3, 4, 91, 16.8);

-- --------------------------------------------------------

--
-- Structure de la table `orders`
--

DROP TABLE IF EXISTS `orders`;
CREATE TABLE IF NOT EXISTS `orders` (
  `id` int(11) NOT NULL AUTO_INCREMENT,
  `orderDate` datetime NOT NULL,
  `status` varchar(255) NOT NULL,
  `shippedDate` datetime DEFAULT NULL,
  `totalPrice` float NOT NULL,
  `id_client` int(11) NOT NULL,
  PRIMARY KEY (`id`),
  KEY `id_client` (`id_client`)
) ENGINE=InnoDB AUTO_INCREMENT=5 DEFAULT CHARSET=utf8mb4;

--
-- Déchargement des données de la table `orders`
--

INSERT INTO `orders` (`id`, `orderDate`, `status`, `shippedDate`, `totalPrice`, `id_client`) VALUES
(1, '2020-04-13 15:08:12', 'shipped', '2020-04-14 15:08:12', 50, 2),
(2, '2020-04-28 16:57:31', 'En cours', '2020-04-29 16:57:31', 123, 2),
(3, '2020-04-28 17:02:49', 'En cours', '2020-04-29 17:02:49', 105.6, 2),
(4, '2020-04-29 22:56:17', 'En cours', '2020-04-30 22:56:17', 68.4, 2);

-- --------------------------------------------------------

--
-- Structure de la table `products`
--

DROP TABLE IF EXISTS `products`;
CREATE TABLE IF NOT EXISTS `products` (
  `id` int(11) NOT NULL AUTO_INCREMENT,
  `name` varchar(255) NOT NULL,
  `description` text NOT NULL,
  `createdAt` datetime NOT NULL,
  `priceHT` float NOT NULL,
  `buyPrice` float NOT NULL,
  `quantity` int(11) NOT NULL,
  `id_category` int(11) NOT NULL,
  PRIMARY KEY (`id`),
  KEY `id_category` (`id_category`)
) ENGINE=InnoDB AUTO_INCREMENT=388 DEFAULT CHARSET=utf8mb4;

--
-- Déchargement des données de la table `products`
--

INSERT INTO `products` (`id`, `name`, `description`, `createdAt`, `priceHT`, `buyPrice`, `quantity`, `id_category`) VALUES
(1, 'd&eacute;bardeur-T', 'd&eacute;bardeur', '2019-11-28 22:06:33', 18, 10, 10, 1),
(2, 'robe', 'robe', '2019-11-28 22:07:04', 25, 12, 50, 32),
(3, 'short', 'short', '2019-11-28 22:07:34', 35, 23, 35, 29),
(4, 'maillot', 'maillot', '2019-11-28 22:09:09', 22, 12, 22, 40),
(7, 'robe1', 'robe1', '2020-04-08 17:20:12', 17, 14, 20, 32),
(8, 'short1', 'short1', '2020-04-08 17:20:12', 17, 14, 20, 29),
(9, 'robe2', 'robe2', '2020-04-08 17:20:12', 17, 14, 20, 32),
(10, 'short2', 'short2', '2020-04-08 17:20:12', 17, 14, 20, 29),
(11, 'robe3', 'robe3', '2020-04-08 17:20:12', 17, 14, 20, 32),
(12, 'short3', 'short3', '2020-04-08 17:20:12', 17, 14, 20, 29),
(13, 'robe4', 'robe4', '2020-04-08 17:20:12', 44, 14, 20, 32),
(14, 'short4', 'short4', '2020-04-08 17:20:12', 45, 14, 20, 29),
(15, 'robe5', 'robe5', '2020-04-08 17:20:12', 48, 14, 20, 32),
(16, 'short5', 'short5', '2020-04-08 17:20:12', 47, 14, 20, 29),
(17, 'robe6', 'robe6', '2020-04-08 17:20:12', 42, 14, 20, 32),
(18, 'short6', 'short6', '2020-04-08 17:20:12', 77, 14, 20, 29),
(19, 'robe7', 'robe7', '2020-04-08 17:20:12', 23, 14, 20, 32),
(20, 'short7', 'short7', '2020-04-08 17:20:13', 42, 14, 20, 29),
(21, 'robe8', 'robe8', '2020-04-08 17:20:13', 34, 14, 20, 32),
(22, 'short8', 'short8', '2020-04-08 17:20:13', 39, 14, 20, 29),
(23, 'robe9', 'robe9', '2020-04-08 17:20:13', 38, 14, 20, 32),
(24, 'short9', 'short9', '2020-04-08 17:20:13', 66, 14, 20, 29),
(25, 'robe10', 'robe10', '2020-04-08 17:20:13', 39, 14, 20, 32),
(26, 'short10', 'short10', '2020-04-08 17:20:13', 14, 14, 20, 29),
(27, 'robe11', 'robe11', '2020-04-08 17:20:13', 15, 14, 20, 32),
(28, 'short11', 'short11', '2020-04-08 17:20:13', 16, 14, 20, 29),
(29, 'robe12', 'robe12', '2020-04-08 17:20:13', 17, 14, 20, 32),
(30, 'short12', 'short12', '2020-04-08 17:20:13', 17, 14, 20, 29),
(31, 'T-Shirt1', 'T-Shirt1', '2020-04-08 17:25:35', 18, 14, 20, 1),
(32, 'T-Shirt2', 'T-Shirt2', '2020-04-08 17:25:35', 19, 14, 20, 1),
(33, 'T-Shirt3', 'T-Shirt3', '2020-04-08 17:25:35', 20, 14, 20, 1),
(34, 'T-Shirt4', 'T-Shirt4', '2020-04-08 17:25:35', 12, 14, 20, 1),
(35, 'T-Shirt5', 'T-Shirt5', '2020-04-08 17:25:36', 20, 14, 20, 1),
(36, 'T-Shirt6', 'T-Shirt6', '2020-04-08 17:25:36', 21, 14, 20, 1),
(37, 'T-Shirt7', 'T-Shirt7', '2020-04-08 17:25:36', 22, 14, 20, 1),
(38, 'T-Shirt8', 'T-Shirt8', '2020-04-08 17:25:36', 23, 14, 20, 1),
(39, 'T-Shirt9', 'T-Shirt9', '2020-04-08 17:25:36', 24, 14, 20, 1),
(40, 'T-Shirt10', 'T-Shirt10', '2020-04-08 17:25:36', 25, 14, 20, 1),
(41, 'T-Shirt11', 'T-Shirt11', '2020-04-08 17:25:36', 26, 14, 20, 1),
(42, 'T-Shirt12', 'T-Shirt12', '2020-04-08 17:25:36', 27, 14, 20, 1),
(43, 'T-Shirt13', 'T-Shirt13', '2020-04-08 17:25:36', 28, 14, 20, 1),
(44, 'T-Shirt14', 'T-Shirt14', '2020-04-08 17:25:36', 29, 14, 20, 1),
(45, 'Pantalons et chinos', 'Pantalons et chinos', '2020-04-08 17:25:36', 30, 14, 20, 3),
(46, 'Pantalons et chinos1', 'Pantalons et chinos1', '2020-04-08 17:25:36', 31, 14, 20, 3),
(47, 'Pantalons et chinos2', 'Pantalons et chinos2', '2020-04-08 17:25:36', 30, 14, 20, 3),
(48, 'Pantalons et chinos3', 'Pantalons et chinos3', '2020-04-08 17:25:36', 25, 14, 20, 3),
(49, 'Pantalons et chinos4', 'Pantalons et chinos4', '2020-04-08 17:25:36', 52, 14, 20, 3),
(50, 'Pantalons et chinos5', 'Pantalons et chinos5', '2020-04-08 17:25:36', 54, 14, 20, 3),
(51, 'Pantalon&eacute; et chino14', 'Pantalon&eacute; et chino14', '2020-04-08 17:25:36', 21, 15, 44, 3),
(53, 'Pantalon et chino', 'Pantalon et chino', '2020-04-08 17:25:36', 35, 18, 25, 3),
(54, 'Pantalons et chinos9', 'Pantalons et chinos9', '2020-04-08 17:25:37', 34, 14, 20, 3),
(55, 'beaut&eacute;', 'beaut&eacute;', '2020-04-17 11:49:37', 18, 12, 60, 44),
(56, 'maillot1', 'maillot1', '2020-04-19 23:05:20', 15, 12, 23, 40),
(57, 'maillot2', 'maillot2', '2020-04-19 23:05:20', 15, 12, 23, 40),
(58, 'maillot3', 'maillot3', '2020-04-19 23:05:20', 15, 12, 23, 40),
(59, 'maillot4', 'maillot4', '2020-04-19 23:05:20', 15, 12, 23, 40),
(60, 'maillot5', 'maillot5', '2020-04-19 23:05:20', 15, 12, 23, 40),
(61, 'maillot', 'maillot', '2020-04-19 23:05:20', 15, 12, 23, 40),
(62, 'maillot6', 'maillot6', '2020-04-19 23:05:21', 15, 12, 23, 40),
(63, 'maillot7', 'maillot7', '2020-04-19 23:05:21', 15, 12, 23, 40),
(64, 'maillot8', 'maillot8', '2020-04-19 23:05:21', 15, 12, 23, 40),
(65, 'maillot9', 'maillot9', '2020-04-19 23:05:21', 15, 12, 23, 40),
(66, 'maillot10', 'maillot10', '2020-04-19 23:05:21', 15, 12, 23, 40),
(67, 'sweats1', 'sweats1', '2020-04-19 23:08:16', 16, 12, 23, 2),
(68, 'sweats2', 'sweats2', '2020-04-19 23:08:16', 16, 12, 23, 2),
(69, 'sweats3', 'sweats3', '2020-04-19 23:08:16', 48, 12, 23, 2),
(70, 'sweats4', 'sweats4', '2020-04-19 23:08:16', 14, 12, 23, 2),
(71, 'sweats5', 'sweats5', '2020-04-19 23:08:16', 22, 12, 23, 2),
(72, 'sweats', 'sweats', '2020-04-19 23:08:16', 15, 12, 23, 2),
(73, 'sweats6', 'sweats6', '2020-04-19 23:08:16', 15, 12, 23, 2),
(74, 'sweats7', 'sweats7', '2020-04-19 23:08:17', 15, 52, 23, 2),
(75, 'sweats8', 'sweats8', '2020-04-19 23:08:17', 15, 12, 23, 2),
(76, 'sweats9', 'sweats9', '2020-04-19 23:08:17', 15, 12, 23, 2),
(77, 'sweats10', 'sweats10', '2020-04-19 23:08:17', 15, 11, 23, 2),
(78, 'Chemises1', 'Chemises1', '2020-04-19 23:12:56', 15, 10, 24, 4),
(79, 'Chemises2', 'Chemises2', '2020-04-19 23:12:56', 12, 12, 23, 4),
(80, 'Chemises3', 'Chemises3', '2020-04-19 23:12:57', 14, 12, 23, 4),
(81, 'Chemises4', 'Chemises4', '2020-04-19 23:12:57', 85, 12, 23, 4),
(82, 'Chemises5', 'Chemises5', '2020-04-19 23:12:57', 45, 12, 23, 4),
(83, 'Chemises6', 'Chemises6', '2020-04-19 23:12:57', 66, 20, 23, 4),
(84, 'Chemises7', 'Chemises7', '2020-04-19 23:12:57', 33, 62, 23, 4),
(85, 'Chemises8', 'Chemises8', '2020-04-19 23:12:57', 15, 20, 23, 4),
(86, 'Chemises9', 'Chemises9', '2020-04-19 23:12:57', 15, 20, 23, 4),
(87, 'Chemises10', 'Chemises10', '2020-04-19 23:12:57', 15, 20, 23, 4),
(88, 'Chemises11', 'Chemises11', '2020-04-19 23:12:57', 15, 20, 23, 4),
(89, 'jeans1', 'jeans1', '2020-04-19 23:15:34', 15, 10, 32, 5),
(90, 'jeans2', 'jeans2', '2020-04-19 23:15:34', 12, 12, 33, 5),
(91, 'jeans3', 'jeans3', '2020-04-19 23:15:34', 14, 12, 66, 5),
(92, 'jeans4', 'jeans4', '2020-04-19 23:15:34', 85, 12, 23, 5),
(93, 'jeans5', 'jeans5', '2020-04-19 23:15:34', 45, 12, 78, 5),
(94, 'jeans6', 'jeans6', '2020-04-19 23:15:34', 66, 20, 55, 5),
(95, 'jeans7', 'jeans7', '2020-04-19 23:15:34', 33, 62, 23, 5),
(96, 'jeans8', 'jeans8', '2020-04-19 23:15:34', 15, 20, 25, 5),
(97, 'jeans9', 'jeans9', '2020-04-19 23:15:34', 15, 20, 40, 5),
(98, 'jeans10', 'jeans10', '2020-04-19 23:15:34', 15, 20, 23, 5),
(99, 'jeans11', 'jeans11', '2020-04-19 23:15:34', 15, 20, 23, 5),
(100, 'Sous-v&ecirc;tements1', 'Sous-v&ecirc;tements1', '2020-04-19 23:18:06', 15, 10, 32, 23),
(101, 'Sous-v&ecirc;tements2', 'Sous-v&ecirc;tements2', '2020-04-19 23:18:06', 12, 12, 33, 23),
(102, 'Sous-v&ecirc;tements3', 'Sous-v&ecirc;tements3', '2020-04-19 23:18:06', 14, 12, 66, 23),
(103, 'Sous-v&ecirc;tements4', 'Sous-v&ecirc;tements4', '2020-04-19 23:18:06', 85, 12, 23, 23),
(104, 'Sous-v&ecirc;tements6', 'Sous-v&ecirc;tements6', '2020-04-19 23:18:06', 45, 12, 78, 23),
(105, 'Sous-v&ecirc;tements5', 'Sous-v&ecirc;tements5', '2020-04-19 23:18:06', 66, 20, 55, 23),
(106, 'Sous-v&ecirc;tements7', 'Sous-v&ecirc;tements7', '2020-04-19 23:18:06', 33, 62, 23, 23),
(107, 'Sous-v&ecirc;tements8', 'Sous-v&ecirc;tements8', '2020-04-19 23:18:06', 15, 20, 25, 23),
(108, 'Sous-v&ecirc;tements9', 'Sous-v&ecirc;tements9', '2020-04-19 23:18:06', 15, 20, 40, 23),
(109, 'Sous-v&ecirc;tements10', 'Sous-v&ecirc;tements10', '2020-04-19 23:18:06', 15, 20, 12, 23),
(110, 'Sous-v&ecirc;tements', 'Sous-v&ecirc;tements', '2020-04-19 23:18:06', 15, 20, 22, 23),
(111, 'Accessoirs1', 'Accessoirs1', '2020-04-19 23:22:33', 15, 10, 32, 24),
(112, 'Accessoirs2', 'Accessoirs2', '2020-04-19 23:22:33', 12, 12, 33, 24),
(113, 'Accessoirs3', 'Accessoirs3', '2020-04-19 23:22:33', 14, 12, 66, 24),
(114, 'Accessoirs4', 'Accessoirs4', '2020-04-19 23:22:33', 85, 12, 23, 24),
(115, 'Accessoirs6', 'Accessoirs6', '2020-04-19 23:22:33', 45, 12, 78, 24),
(116, 'Accessoirs5', 'Accessoirs5', '2020-04-19 23:22:33', 66, 20, 55, 24),
(117, 'Accessoirs7', 'Accessoirs7', '2020-04-19 23:22:33', 33, 62, 23, 24),
(118, 'Accessoirs8', 'Accessoirs8', '2020-04-19 23:22:33', 15, 20, 25, 24),
(119, 'Accessoirs9', 'Accessoirs9', '2020-04-19 23:22:33', 15, 20, 40, 24),
(120, 'Accessoirs10', 'Accessoirs10', '2020-04-19 23:22:34', 15, 20, 12, 24),
(121, 'Accessoirs0', 'Accessoirs0', '2020-04-19 23:22:34', 15, 20, 22, 24),
(122, 'accessoirs11', 'accessoirs11', '2020-04-19 23:24:34', 15, 10, 32, 24),
(123, 'Sport 2', 'Sport 2', '2020-04-19 23:24:34', 12, 12, 33, 25),
(124, 'Sport 3', 'Sport 3', '2020-04-19 23:24:34', 14, 12, 66, 25),
(125, 'Sport 4', 'Sport 4', '2020-04-19 23:24:34', 85, 12, 23, 25),
(126, 'Sport 6', 'Sport 6', '2020-04-19 23:24:35', 45, 12, 78, 25),
(127, 'Sport 5', 'Sport 5', '2020-04-19 23:24:35', 66, 20, 55, 25),
(128, 'Sport 7', 'Sport 7', '2020-04-19 23:24:35', 33, 62, 23, 25),
(129, 'Sport 8', 'Sport 8', '2020-04-19 23:24:35', 15, 20, 25, 25),
(130, 'Sport 9', 'Sport 9', '2020-04-19 23:24:35', 15, 20, 40, 25),
(131, 'Sport 10', 'Sport 10', '2020-04-19 23:24:35', 15, 20, 12, 25),
(132, 'Sport 0', 'Sport 0', '2020-04-19 23:24:35', 15, 20, 22, 25),
(133, 'Chaussures 1', 'Chaussures 1', '2020-04-19 23:25:46', 15, 10, 32, 26),
(134, 'Chaussures 2', 'Chaussures 2', '2020-04-19 23:25:47', 12, 12, 33, 26),
(135, 'Chaussures 3', 'Chaussures 3', '2020-04-19 23:25:47', 14, 12, 66, 26),
(136, 'Chaussures 4', 'Chaussures 4', '2020-04-19 23:25:47', 85, 12, 23, 26),
(137, 'Chaussures 6', 'Chaussures 6', '2020-04-19 23:25:47', 45, 12, 78, 26),
(138, 'Chaussures 5', 'Chaussures 5', '2020-04-19 23:25:47', 66, 20, 55, 26),
(139, 'Chaussures 7', 'Chaussures 7', '2020-04-19 23:25:47', 33, 62, 23, 26),
(140, 'Chaussures 8', 'Chaussures 8', '2020-04-19 23:25:47', 15, 20, 25, 26),
(141, 'Chaussures 9', 'Chaussures 9', '2020-04-19 23:25:47', 15, 20, 40, 26),
(142, 'Chaussures 10', 'Chaussures 10', '2020-04-19 23:25:47', 15, 20, 12, 26),
(143, 'Chaussures 0', 'Chaussures 0', '2020-04-19 23:25:47', 15, 20, 22, 26),
(144, 'Cardigan et Pull 1', 'Cardigan et Pull 1', '2020-04-19 23:30:35', 18, 15, 27, 27),
(145, 'Cardigan et Pull 2', 'Cardigan et Pull 2', '2020-04-19 23:30:35', 33, 12, 27, 27),
(146, 'Cardigan et Pull 3', 'Cardigan et Pull 3', '2020-04-19 23:30:35', 35, 33, 27, 27),
(147, 'Cardigan et Pull 4', 'Cardigan et Pull 4', '2020-04-19 23:30:35', 42, 15, 27, 27),
(148, 'Cardigan et Pull 5', 'Cardigan et Pull 5', '2020-04-19 23:30:35', 44, 17, 27, 27),
(149, 'Cardigan et Pull 6', 'Cardigan et Pull 6', '2020-04-19 23:30:35', 32, 22, 27, 27),
(150, 'Cardigan et Pull 7', 'Cardigan et Pull 7', '2020-04-19 23:30:35', 55, 23, 27, 27),
(151, 'Cardigan et Pull 8', 'Cardigan et Pull 8', '2020-04-19 23:30:35', 29, 28, 27, 27),
(152, 'Cardigan et Pull 9', 'Cardigan et Pull 9', '2020-04-19 23:30:35', 29, 29, 27, 27),
(153, 'Cardigan et Pull 10', 'Cardigan et Pull 10', '2020-04-19 23:30:35', 28, 8, 27, 27),
(154, 'Cardigan et Pull 11', 'Cardigan et Pull 11', '2020-04-19 23:30:35', 28, 11, 27, 27),
(155, 'Cardigan et Pull', 'Cardigan et Pull', '2020-04-19 23:30:35', 25, 17, 27, 27),
(156, 'v&ecirc;tements de nuit  1', 'v&ecirc;tements de nuit  1', '2020-04-19 23:35:37', 18, 15, 27, 30),
(157, 'v&ecirc;tements de nuit  2', 'v&ecirc;tements de nuit  2', '2020-04-19 23:35:37', 33, 12, 27, 30),
(158, '	v&ecirc;tements de nuit  3', '	v&ecirc;tements de nuit  3', '2020-04-19 23:35:37', 35, 33, 27, 30),
(159, '	v&ecirc;tements de nuit  4', '	v&ecirc;tements de nuit  4', '2020-04-19 23:35:37', 42, 15, 27, 30),
(160, '	v&ecirc;tements de nuit 5', '	v&ecirc;tements de nuit 5', '2020-04-19 23:35:37', 44, 17, 27, 30),
(161, '	v&ecirc;tements de nuit 6', '	v&ecirc;tements de nuit 6', '2020-04-19 23:35:37', 32, 22, 27, 30),
(162, 'v&ecirc;tements de nuit  7', 'v&ecirc;tements de nuit  7', '2020-04-19 23:35:37', 55, 23, 27, 30),
(163, 'v&ecirc;tements de nuit  8', 'v&ecirc;tements de nuit  8', '2020-04-19 23:35:37', 29, 28, 27, 30),
(164, 'v&ecirc;tements de nuit  9', 'v&ecirc;tements de nuit  9', '2020-04-19 23:35:37', 29, 29, 27, 30),
(165, 'v&ecirc;tements de nuit  10', 'v&ecirc;tements de nuit  10', '2020-04-19 23:35:38', 28, 8, 27, 30),
(166, 'v&ecirc;tements de nuit  11', 'v&ecirc;tements de nuit  11', '2020-04-19 23:35:38', 28, 11, 27, 30),
(167, 'Maillots de bain  1', 'Maillots de bain  1', '2020-04-19 23:40:06', 18, 15, 27, 31),
(168, 'Maillots de bain  2', 'Maillots de bain  2', '2020-04-19 23:40:07', 33, 12, 27, 31),
(169, 'Maillots de bain  3', 'Maillots de bain  3', '2020-04-19 23:40:07', 35, 33, 27, 31),
(170, 'Maillots de bain  4', 'Maillots de bain  4', '2020-04-19 23:40:07', 42, 15, 27, 31),
(171, 'Maillots de bain 5', 'Maillots de bain 5', '2020-04-19 23:40:07', 44, 17, 27, 31),
(172, 'Maillots de bain 6', 'Maillots de bain 6', '2020-04-19 23:40:07', 32, 22, 27, 31),
(173, 'Maillots de bain  7', 'Maillots de bain  7', '2020-04-19 23:40:07', 55, 23, 27, 31),
(174, 'Maillots de bain  8', 'Maillots de bain  8', '2020-04-19 23:40:07', 29, 28, 27, 31),
(175, 'Maillots de bain  9', 'Maillots de bain  9', '2020-04-19 23:40:07', 29, 29, 27, 31),
(176, 'Maillots de bain  10', 'Maillots de bain  10', '2020-04-19 23:40:07', 28, 8, 27, 31),
(177, 'Maillots de bain  11', 'Maillots de bain  11', '2020-04-19 23:40:07', 28, 11, 27, 31),
(178, 'Chemisiers et blouses 1', 'Chemisiers et blouses 1', '2020-04-20 14:22:36', 25, 13, 63, 34),
(179, 'Chemisiers et blouses 2', 'Chemisiers et blouses 2', '2020-04-20 14:22:36', 20, 13, 63, 34),
(180, 'Chemisiers et blouses 3', 'Chemisiers et blouses 3', '2020-04-20 14:22:36', 24, 13, 63, 34),
(181, 'Chemisiers et blouses 4', 'Chemisiers et blouses 4', '2020-04-20 14:22:36', 26, 13, 63, 34),
(182, 'Chemisiers et blouses 5', 'Chemisiers et blouses 5', '2020-04-20 14:22:36', 30, 13, 63, 34),
(183, 'Chemisiers et blouses 6', 'Chemisiers et blouses 6', '2020-04-20 14:22:36', 22, 13, 63, 34),
(184, 'Chemisiers et blouses 7', 'Chemisiers et blouses 7', '2020-04-20 14:22:36', 12, 13, 63, 34),
(185, 'Chemisiers et blouses 8', 'Chemisiers et blouses 8', '2020-04-20 14:22:36', 44, 13, 63, 34),
(186, 'Chemisiers et blouses 9', 'Chemisiers et blouses 9', '2020-04-20 14:22:36', 24, 13, 63, 34),
(187, 'Chemisiers et blouses 10', 'Chemisiers et blouses 10', '2020-04-20 14:22:36', 33, 13, 63, 34),
(188, 'Vestes et Manteaux 1', 'Vestes et Manteaux 1', '2020-04-20 14:25:46', 25, 13, 55, 35),
(189, 'Vestes et Manteaux 2', 'Vestes et Manteaux 2', '2020-04-20 14:25:46', 20, 13, 33, 35),
(190, 'Vestes et Manteaux 3', 'Vestes et Manteaux 3', '2020-04-20 14:25:46', 24, 13, 54, 35),
(191, 'Vestes et Manteaux 4', 'Vestes et Manteaux 4', '2020-04-20 14:25:46', 26, 13, 22, 35),
(192, 'Vestes et Manteaux 5', 'Vestes et Manteaux 5', '2020-04-20 14:25:46', 30, 13, 57, 35),
(193, 'Vestes et Manteaux 6', 'Vestes et Manteaux 6', '2020-04-20 14:25:46', 34, 13, 76, 35),
(194, 'Vestes et Manteaux 7', 'Vestes et Manteaux 7', '2020-04-20 14:25:46', 12, 13, 63, 35),
(195, 'Vestes et Manteaux 8', 'Vestes et Manteaux 8', '2020-04-20 14:25:46', 44, 13, 63, 35),
(196, 'Vestes et Manteaux 9', 'Vestes et Manteaux 9', '2020-04-20 14:25:46', 24, 13, 63, 35),
(197, 'Vestes et Manteaux 10', 'Vestes et Manteaux 10', '2020-04-20 14:25:46', 33, 13, 63, 35),
(198, 'Blazers 1', 'Blazers 1', '2020-04-20 14:28:19', 25, 13, 55, 36),
(199, 'Blazers 2', 'Blazers 2', '2020-04-20 14:28:20', 20, 13, 33, 36),
(200, 'Blazers 3', 'Blazers 3', '2020-04-20 14:28:20', 24, 13, 54, 36),
(201, 'Blazers 4', 'Blazers 4', '2020-04-20 14:28:20', 26, 13, 22, 36),
(202, 'Blazers 5', 'Blazers 5', '2020-04-20 14:28:20', 30, 13, 57, 36),
(203, 'Blazers 6', 'Blazers 6', '2020-04-20 14:28:20', 30, 13, 76, 36),
(204, 'Blazers 7', 'Blazers 7', '2020-04-20 14:28:20', 12, 13, 63, 36),
(205, 'Blazers 8', 'Blazers 8', '2020-04-20 14:28:20', 44, 13, 63, 36),
(206, 'Blazers 9', 'Blazers 9', '2020-04-20 14:28:20', 24, 13, 63, 36),
(207, 'Blazers 10', 'Blazers 10', '2020-04-20 14:28:20', 33, 13, 63, 36),
(208, 'Jupes 13', 'Jupes 13', '2020-04-20 14:29:23', 25, 13, 55, 37),
(209, 'jupe 2', 'jupe 2', '2020-04-20 14:29:23', 20, 13, 33, 37),
(210, 'jupe 3', 'jupe 3', '2020-04-20 14:29:23', 24, 13, 54, 37),
(211, 'Jupes 4', 'Jupes 4', '2020-04-20 14:29:23', 26, 13, 22, 37),
(212, 'Jupes 5', 'Jupes 5', '2020-04-20 14:29:23', 30, 13, 57, 37),
(213, 'Jupes 6', 'Jupes 6', '2020-04-20 14:29:24', 28, 13, 76, 37),
(214, 'Jupes 7', 'Jupes 7', '2020-04-20 14:29:24', 12, 13, 63, 37),
(215, 'Jupes 8', 'Jupes 8', '2020-04-20 14:29:24', 44, 13, 63, 37),
(216, 'Jupes 9', 'Jupes 9', '2020-04-20 14:29:24', 24, 13, 63, 37),
(217, 'Jupes 10', 'Jupes 10', '2020-04-20 14:29:24', 33, 13, 63, 37),
(218, 'Lingeries 1', 'Lingeries 1', '2020-04-20 14:30:57', 25, 13, 55, 38),
(219, 'Lingeries 2', 'Lingeries 2', '2020-04-20 14:30:57', 20, 13, 33, 38),
(220, 'Lingeries 3', 'Lingeries 3', '2020-04-20 14:30:57', 24, 13, 54, 38),
(221, 'Lingeries 4', 'Lingeries 4', '2020-04-20 14:30:57', 26, 13, 22, 38),
(222, 'Lingeries 5', 'Lingeries 5', '2020-04-20 14:30:57', 30, 13, 57, 38),
(223, 'Lingeries 6', 'Lingeries 6', '2020-04-20 14:30:57', 27, 13, 76, 38),
(224, 'Lingeries 7', 'Lingeries 7', '2020-04-20 14:30:57', 12, 13, 63, 38),
(225, 'Lingeries 8', 'Lingeries 8', '2020-04-20 14:30:57', 44, 13, 63, 38),
(226, 'Lingeries 9', 'Lingeries 9', '2020-04-20 14:30:57', 24, 13, 63, 38),
(227, 'Lingeries 10', 'Lingeries 10', '2020-04-20 14:30:57', 33, 13, 63, 38),
(228, '	Chemises de nuit 1', '	\r\nChemises de nuit 1', '2020-04-20 14:32:41', 25, 13, 55, 39),
(229, '	Chemises de nuit 2', '	\r\nChemises de nuit 2', '2020-04-20 14:32:42', 20, 13, 33, 39),
(230, '	Chemises de nuit 3', '	\r\nChemises de nuit 3', '2020-04-20 14:32:42', 24, 13, 54, 39),
(231, '	Chemises de nuit 4', '	\r\nChemises de nuit 4', '2020-04-20 14:32:42', 26, 13, 22, 39),
(232, '	Chemises de nuit 5', '	\r\nChemises de nuit 5', '2020-04-20 14:32:42', 30, 13, 57, 39),
(233, '	Chemises de nuit 6', '	\r\nChemises de nuit 6', '2020-04-20 14:32:42', 15, 13, 76, 39),
(234, '	Chemises de nuit 7', '	\r\nChemises de nuit 7', '2020-04-20 14:32:42', 12, 13, 63, 39),
(235, '	Chemises de nuit 8', '	\r\nChemises de nuit 8', '2020-04-20 14:32:42', 44, 13, 63, 39),
(236, '	Chemises de nuit 9', '	\r\nChemises de nuit 9', '2020-04-20 14:32:42', 24, 13, 63, 39),
(237, '	Chemises de nuit 10', '	\r\nChemises de nuit 10', '2020-04-20 14:32:42', 33, 13, 63, 39),
(238, '	Sportswear 1', '	\r\nSportswear 1', '2020-04-20 14:37:13', 25, 13, 55, 41),
(239, '	Sportswear 2', '	\r\nSportswear 2', '2020-04-20 14:37:13', 20, 13, 33, 41),
(240, '	Sportswear 3', '	\r\nSportswear 3', '2020-04-20 14:37:13', 24, 13, 54, 41),
(241, '	Sportswear 4', '	\r\nSportswear 4', '2020-04-20 14:37:14', 26, 13, 22, 41),
(242, '	Sportswear  5', '	\r\nSportswear  5', '2020-04-20 14:37:14', 30, 13, 57, 41),
(243, '	Sportswear 6', '	\r\nSportswear 6', '2020-04-20 14:37:14', 27, 13, 76, 41),
(244, '	Sportswear 7', '	\r\nSportswear 7', '2020-04-20 14:37:14', 12, 13, 63, 41),
(245, '	Sportswear 8', '	\r\nSportswear 8', '2020-04-20 14:37:14', 44, 13, 63, 41),
(246, '	Sportswear 9', '	\r\nSportswear 9', '2020-04-20 14:37:14', 24, 13, 63, 41),
(247, '	Sportswear 10', '	\r\nSportswear 10', '2020-04-20 14:37:14', 33, 13, 63, 41),
(248, '	Sweatshirts 1', '	\r\nSweatshirts 1', '2020-04-20 14:38:39', 25, 13, 55, 42),
(249, '	Sweatshirts 2', '	\r\nSweatshirts 2', '2020-04-20 14:38:39', 20, 13, 33, 42),
(250, '	Sweatshirts 3', '	\r\nSweatshirts 3', '2020-04-20 14:38:39', 24, 13, 54, 42),
(251, '	Sweatshirts 4', '	\r\nSweatshirts 4', '2020-04-20 14:38:39', 26, 13, 22, 42),
(252, '	Sweatshirts  5', '	\r\nSweatshirts  5', '2020-04-20 14:38:39', 30, 13, 57, 42),
(253, '	Sweatshirts 6', '	\r\nSweatshirts 6', '2020-04-20 14:38:39', 26, 13, 76, 42),
(254, '	Sweatshirts 7', '	\r\nSweatshirts 7', '2020-04-20 14:38:39', 12, 13, 63, 42),
(255, '	Sweatshirts 8', '	\r\nSweatshirts 8', '2020-04-20 14:38:39', 44, 13, 63, 42),
(256, '	Sweatshirts 9', '	\r\nSweatshirts 9', '2020-04-20 14:38:39', 24, 13, 63, 42),
(257, '	Sweatshirts 10', '	\r\nSweatshirts 10', '2020-04-20 14:38:39', 33, 13, 63, 42),
(258, '	Beaut&eacute; 1', '	\r\nBeaut&eacute; 1', '2020-04-20 14:39:41', 25, 13, 55, 44),
(259, '	Beaut&eacute; 2', '	\r\nBeaut&eacute; 2', '2020-04-20 14:39:41', 20, 13, 33, 44),
(260, '	Beaut&eacute; 3', '	\r\nBeaut&eacute; 3', '2020-04-20 14:39:41', 24, 13, 54, 44),
(261, '	Beaut&eacute; 4', '	\r\nBeaut&eacute; 4', '2020-04-20 14:39:41', 26, 13, 22, 44),
(262, '	Beaut&eacute;  5', '	\r\nBeaut&eacute;  5', '2020-04-20 14:39:41', 30, 13, 57, 44),
(263, '	Beaut&eacute; 6', '	\r\nBeaut&eacute; 6', '2020-04-20 14:39:41', 30, 13, 76, 44),
(264, '	Beaut&eacute; 7', '	\r\nBeaut&eacute; 7', '2020-04-20 14:39:41', 29, 13, 63, 44),
(265, '	Beaut&eacute; 8', '	\r\nBeaut&eacute; 8', '2020-04-20 14:39:41', 44, 13, 63, 44),
(266, '	Beaut&eacute; 9', '	\r\nBeaut&eacute; 9', '2020-04-20 14:39:41', 24, 13, 63, 44),
(267, '	Beaut&eacute; 10', '	\r\nBeaut&eacute; 10', '2020-04-20 14:39:41', 33, 13, 63, 44),
(268, 'Grandes tailles 1', 'Grandes tailles 1', '2020-04-20 14:42:29', 25, 13, 55, 45),
(269, 'Grandes tailles 2', 'Grandes tailles 2', '2020-04-20 14:42:29', 20, 13, 33, 45),
(270, 'Grandes tailles 3', 'Grandes tailles 3', '2020-04-20 14:42:29', 24, 13, 54, 45),
(271, 'Grandes tailles 4', 'Grandes tailles 4', '2020-04-20 14:42:29', 26, 13, 22, 45),
(272, 'Grandes tailles  5', 'Grandes tailles  5', '2020-04-20 14:42:29', 30, 13, 57, 45),
(273, '	Grandes tailles 6', '	Grandes tailles 6', '2020-04-20 14:42:29', 30, 13, 76, 45),
(274, 'Grandes tailles 7', 'Grandes tailles 7', '2020-04-20 14:42:29', 29, 13, 63, 45),
(275, 'Grandes tailles 8', 'Grandes tailles 8', '2020-04-20 14:42:29', 44, 13, 63, 45),
(276, 'Grandes tailles 9', 'Grandes tailles 9', '2020-04-20 14:42:29', 24, 13, 63, 45),
(277, 'Grandes tailles 10', 'Grandes tailles 10', '2020-04-20 14:42:29', 33, 13, 63, 45),
(278, 'TENUES DE MATERNIT&Eacute; 1', 'TENUES DE MATERNIT&Eacute; 1', '2020-04-20 14:44:41', 25, 13, 55, 46),
(279, 'TENUES DE MATERNIT&Eacute; 2', 'TENUES DE MATERNIT&Eacute; 2', '2020-04-20 14:44:41', 20, 13, 33, 46),
(280, 'TENUES DE MATERNIT&Eacute; 3', 'TENUES DE MATERNIT&Eacute; 3', '2020-04-20 14:44:41', 24, 13, 54, 46),
(281, 'TENUES DE MATERNIT&Eacute; 4', 'TENUES DE MATERNIT&Eacute; 4', '2020-04-20 14:44:41', 26, 13, 22, 46),
(282, 'TENUES DE MATERNIT&Eacute;  5', 'TENUES DE MATERNIT&Eacute;  5', '2020-04-20 14:44:41', 30, 13, 57, 46),
(283, '	TENUES DE MATERNIT&Eacute; 6', '	TENUES DE MATERNIT&Eacute; 6', '2020-04-20 14:44:41', 30, 13, 76, 46),
(284, 'TENUES DE MATERNIT&Eacute; 7', 'TENUES DE MATERNIT&Eacute; 7', '2020-04-20 14:44:41', 29, 13, 63, 46),
(285, 'TENUES DE MATERNIT&Eacute; 8', 'TENUES DE MATERNIT&Eacute; 8', '2020-04-20 14:44:41', 44, 13, 63, 46),
(286, 'TENUES DE MATERNIT&Eacute; 9', 'TENUES DE MATERNIT&Eacute; 9', '2020-04-20 14:44:41', 24, 13, 63, 46),
(287, 'TENUES DE MATERNIT&Eacute; 10', 'TENUES DE MATERNIT&Eacute; 10', '2020-04-20 14:44:41', 33, 13, 63, 46),
(288, 'NOUVEAU N&Eacute; 1', 'NOUVEAU N&Eacute; 1', '2020-04-20 14:46:41', 25, 13, 55, 47),
(289, 'NOUVEAU N&Eacute; 2', 'NOUVEAU N&Eacute; 2', '2020-04-20 14:46:41', 20, 13, 33, 47),
(290, 'NOUVEAU N&Eacute; 3', 'NOUVEAU N&Eacute; 3', '2020-04-20 14:46:42', 24, 13, 54, 47),
(291, 'NOUVEAU N&Eacute; 4', 'NOUVEAU N&Eacute; 4', '2020-04-20 14:46:42', 26, 13, 22, 47),
(292, 'NOUVEAU N&Eacute;  5', 'NOUVEAU N&Eacute;  5', '2020-04-20 14:46:42', 30, 13, 57, 47),
(293, '	NOUVEAU N&Eacute; 6', '	NOUVEAU N&Eacute; 6', '2020-04-20 14:46:42', 30, 13, 76, 47),
(294, 'NOUVEAU N&Eacute; 7', 'NOUVEAU N&Eacute; 7', '2020-04-20 14:46:42', 12, 13, 63, 47),
(295, 'NOUVEAU N&Eacute; 8', 'NOUVEAU N&Eacute; 8', '2020-04-20 14:46:42', 44, 13, 63, 47),
(296, 'NOUVEAU N&Eacute; 9', 'NOUVEAU N&Eacute; 9', '2020-04-20 14:46:42', 24, 13, 63, 47),
(297, 'NOUVEAU N&Eacute; 10', 'NOUVEAU N&Eacute; 10', '2020-04-20 14:46:42', 33, 13, 63, 47),
(298, 'B&Eacute;B&Eacute; FILLE 1', 'B&Eacute;B&Eacute; FILLE 1', '2020-04-20 14:49:23', 25, 13, 55, 48),
(299, 'B&Eacute;B&Eacute; FILLE 2', 'B&Eacute;B&Eacute; FILLE 2', '2020-04-20 14:49:23', 20, 13, 33, 48),
(300, 'B&Eacute;B&Eacute; FILLE 3', 'B&Eacute;B&Eacute; FILLE 3', '2020-04-20 14:49:23', 24, 13, 54, 48),
(301, 'B&Eacute;B&Eacute; FILLE 4', 'B&Eacute;B&Eacute; FILLE 4', '2020-04-20 14:49:23', 26, 13, 22, 48),
(302, 'B&Eacute;B&Eacute; FILLE 5', 'B&Eacute;B&Eacute; FILLE 5', '2020-04-20 14:49:23', 30, 13, 57, 48),
(303, 'B&Eacute;B&Eacute; FILLE 6', 'B&Eacute;B&Eacute; FILLE 6', '2020-04-20 14:49:23', 30, 13, 76, 48),
(304, 'B&Eacute;B&Eacute; FILLE 7', 'B&Eacute;B&Eacute; FILLE 7', '2020-04-20 14:49:23', 12, 13, 63, 48),
(305, 'B&Eacute;B&Eacute; FILLE 8', 'B&Eacute;B&Eacute; FILLE 8', '2020-04-20 14:49:23', 44, 13, 63, 48),
(306, 'B&Eacute;B&Eacute; FILLE 9', 'B&Eacute;B&Eacute; FILLE 9', '2020-04-20 14:49:23', 24, 13, 63, 48),
(307, 'B&Eacute;B&Eacute; FILLE 10', 'B&Eacute;B&Eacute; FILLE 10', '2020-04-20 14:49:23', 33, 13, 63, 48),
(308, 'POUR  FILLE 1', 'POUR  FILLE 1', '2020-04-20 14:51:22', 25, 13, 55, 50),
(309, 'POUR  FILLE 2', 'POUR  FILLE 2', '2020-04-20 14:51:22', 20, 13, 33, 50),
(310, 'POUR  FILLE 3', 'POUR  FILLE 3', '2020-04-20 14:51:22', 24, 13, 54, 50),
(311, 'POUR  FILLE 4', 'POUR  FILLE 4', '2020-04-20 14:51:23', 26, 13, 22, 50),
(312, 'POUR  FILLE 5', 'POUR  FILLE 5', '2020-04-20 14:51:23', 30, 13, 57, 50),
(313, 'POUR  FILLE 6', 'POUR  FILLE 6', '2020-04-20 14:51:23', 33, 13, 76, 50),
(314, 'POUR  FILLE 7', 'POUR  FILLE 7', '2020-04-20 14:51:23', 12, 13, 63, 50),
(315, 'POUR  FILLE 8', 'POUR  FILLE 8', '2020-04-20 14:51:23', 44, 13, 63, 50),
(316, 'POUR  FILLE 9', 'POUR  FILLE 9', '2020-04-20 14:51:23', 24, 13, 63, 50),
(317, 'POUR  FILLE 10', 'POUR  FILLE 10', '2020-04-20 14:51:23', 33, 13, 63, 50),
(318, 'POUR Gar&ccedil;on 1', 'POUR Gar&ccedil;on 1', '2020-04-20 14:53:09', 25, 13, 55, 51),
(319, 'POUR Gar&ccedil;on 2', 'POUR Gar&ccedil;on 2', '2020-04-20 14:53:09', 20, 13, 33, 51),
(320, 'POUR Gar&ccedil;on 3', 'POUR Gar&ccedil;on 3', '2020-04-20 14:53:10', 24, 13, 54, 51),
(321, 'POUR Gar&ccedil;on 4', 'POUR Gar&ccedil;on 4', '2020-04-20 14:53:10', 26, 13, 22, 51),
(322, 'POUR Gar&ccedil;on 5', 'POUR Gar&ccedil;on 5', '2020-04-20 14:53:10', 30, 13, 57, 51),
(323, 'POUR Gar&ccedil;on 6', 'POUR Gar&ccedil;on 6', '2020-04-20 14:53:10', 55, 13, 76, 51),
(324, 'POUR Gar&ccedil;on 7', 'POUR Gar&ccedil;on 7', '2020-04-20 14:53:10', 12, 13, 63, 51),
(325, 'POUR Gar&ccedil;on 8', 'POUR Gar&ccedil;on 8', '2020-04-20 14:53:10', 44, 13, 63, 51),
(326, 'POUR Gar&ccedil;on 9', 'POUR Gar&ccedil;on 9', '2020-04-20 14:53:10', 24, 13, 63, 51),
(327, 'POUR Gar&ccedil;on 10', 'POUR Gar&ccedil;on 10', '2020-04-20 14:53:10', 33, 13, 63, 51),
(328, 'B&Eacute;B&Eacute; Gar&ccedil;on 1', 'B&Eacute;B&Eacute; Gar&ccedil;on 1', '2020-04-20 14:54:13', 25, 13, 55, 49),
(329, 'B&Eacute;B&Eacute; Gar&ccedil;on 2', 'B&Eacute;B&Eacute; Gar&ccedil;on 2', '2020-04-20 14:54:13', 20, 13, 33, 49),
(330, 'B&Eacute;B&Eacute; Gar&ccedil;on 3', 'B&Eacute;B&Eacute; Gar&ccedil;on 3', '2020-04-20 14:54:13', 24, 13, 54, 49),
(331, 'B&Eacute;B&Eacute; Gar&ccedil;on 4', 'B&Eacute;B&Eacute; Gar&ccedil;on 4', '2020-04-20 14:54:13', 26, 13, 22, 49),
(332, 'B&Eacute;B&Eacute; Gar&ccedil;on 5', 'B&Eacute;B&Eacute; Gar&ccedil;on 5', '2020-04-20 14:54:13', 30, 13, 57, 49),
(333, 'B&Eacute;B&Eacute; Gar&ccedil;on 6', 'B&Eacute;B&Eacute; Gar&ccedil;on 6', '2020-04-20 14:54:13', 44, 13, 76, 49),
(334, 'B&Eacute;B&Eacute; Gar&ccedil;on 7', 'B&Eacute;B&Eacute; Gar&ccedil;on 7', '2020-04-20 14:54:13', 12, 13, 63, 49),
(335, 'B&Eacute;B&Eacute; Gar&ccedil;on 8', 'B&Eacute;B&Eacute; Gar&ccedil;on 8', '2020-04-20 14:54:14', 44, 13, 63, 49),
(336, 'B&Eacute;B&Eacute; Gar&ccedil;on 9', 'B&Eacute;B&Eacute; Gar&ccedil;on 9', '2020-04-20 14:54:14', 24, 13, 63, 49),
(337, 'B&Eacute;B&Eacute; Gar&ccedil;on 10', 'B&Eacute;B&Eacute; Gar&ccedil;on 10', '2020-04-20 14:54:14', 33, 13, 63, 49),
(338, 'Gar&ccedil;on 8-14+ ANS 1', 'Gar&ccedil;on 8-14+ ANS 1', '2020-04-20 14:56:56', 25, 13, 55, 53),
(339, 'Gar&ccedil;on 8-14+ ANS 2', 'Gar&ccedil;on 8-14+ ANS 2', '2020-04-20 14:56:56', 20, 13, 33, 53),
(340, 'Gar&ccedil;on 8-14+ ANS 3', 'Gar&ccedil;on 8-14+ ANS 3', '2020-04-20 14:56:56', 24, 13, 54, 53),
(341, 'Gar&ccedil;on 8-14+ ANS 4', 'Gar&ccedil;on 8-14+ ANS 4', '2020-04-20 14:56:56', 26, 13, 22, 53),
(342, 'Gar&ccedil;on 8-14+ ANS 5', 'Gar&ccedil;on 8-14+ ANS 5', '2020-04-20 14:56:56', 30, 13, 57, 53),
(343, 'Gar&ccedil;on 8-14+ ANS 6', 'Gar&ccedil;on 8-14+ ANS 6', '2020-04-20 14:56:56', 32, 13, 76, 53),
(344, 'Gar&ccedil;on 8-14+ ANS 7', 'Gar&ccedil;on 8-14+ ANS 7', '2020-04-20 14:56:56', 12, 13, 63, 53),
(345, 'Gar&ccedil;on 8-14+ ANS 8', 'Gar&ccedil;on 8-14+ ANS 8', '2020-04-20 14:56:56', 44, 13, 63, 53),
(346, 'Gar&ccedil;on 8-14+ ANS 9', 'Gar&ccedil;on 8-14+ ANS 9', '2020-04-20 14:56:56', 24, 13, 63, 53),
(347, 'Gar&ccedil;on 8-14+ ANS 10', 'Gar&ccedil;on 8-14+ ANS 10', '2020-04-20 14:56:56', 33, 13, 63, 53),
(348, 'FILLE 8-14+ ANS 1', 'FILLE 8-14+ ANS 1', '2020-04-20 14:59:00', 25, 13, 55, 52),
(349, 'FILLE 8-14+ ANS 2', 'FILLE 8-14+ ANS 2', '2020-04-20 14:59:00', 20, 13, 33, 52),
(350, 'FILLE 8-14+ ANS 3', 'FILLE 8-14+ ANS 3', '2020-04-20 14:59:00', 24, 13, 54, 52),
(351, 'FILLE 8-14+ ANS 4', 'FILLE 8-14+ ANS 4', '2020-04-20 14:59:00', 26, 13, 22, 52),
(352, 'FILLE 8-14+ ANS 5', 'FILLE 8-14+ ANS 5', '2020-04-20 14:59:00', 30, 13, 57, 52),
(353, 'FILLE 8-14+ ANS 6', 'FILLE 8-14+ ANS 6', '2020-04-20 14:59:00', 25, 13, 76, 52),
(354, 'FILLE 8-14+ ANS 7', 'FILLE 8-14+ ANS 7', '2020-04-20 14:59:00', 12, 13, 63, 52),
(355, 'FILLE 8-14+ ANS 8', 'FILLE 8-14+ ANS 8', '2020-04-20 14:59:00', 44, 13, 63, 52),
(356, 'FILLE 8-14+ ANS 9', 'FILLE 8-14+ ANS 9', '2020-04-20 14:59:00', 24, 13, 63, 52),
(357, 'FILLE 8-14+ ANS 10', 'FILLE 8-14+ ANS 10', '2020-04-20 14:59:00', 33, 13, 63, 52),
(358, 'tops 1', 'tops 1', '2020-04-20 15:06:45', 25, 13, 55, 54),
(359, 'tops 2', 'tops 2', '2020-04-20 15:06:45', 20, 13, 33, 54),
(360, 'tops 3', 'tops 3', '2020-04-20 15:06:45', 24, 13, 54, 54),
(361, 'tops 4', 'tops 4', '2020-04-20 15:06:45', 26, 13, 22, 54),
(362, 'tops 5', 'tops 5', '2020-04-20 15:06:45', 30, 13, 57, 54),
(363, 'tops 6', 'tops 6', '2020-04-20 15:06:45', 18, 13, 76, 54),
(364, 'tops 7', 'tops 7', '2020-04-20 15:06:45', 12, 13, 63, 54),
(365, 'tops 8', 'tops 8', '2020-04-20 15:06:45', 44, 13, 63, 54),
(366, 'tops 9', 'tops 9', '2020-04-20 15:06:45', 24, 13, 63, 54),
(367, 'tops 10', 'tops 10', '2020-04-20 15:06:45', 33, 13, 63, 54),
(368, 'basique 1', 'basique 1', '2020-04-20 15:08:02', 25, 13, 55, 56),
(369, 'basique 2', 'basique 2', '2020-04-20 15:08:02', 20, 13, 33, 56),
(370, 'basique 3', 'basique 3', '2020-04-20 15:08:02', 24, 13, 54, 56),
(371, 'basique 4', 'basique 4', '2020-04-20 15:08:02', 26, 13, 22, 56),
(372, 'basique 5', 'basique 5', '2020-04-20 15:08:02', 30, 13, 57, 56),
(373, 'basique 6', 'basique 6', '2020-04-20 15:08:02', 60, 13, 76, 56),
(374, 'basique 7', 'basique 7', '2020-04-20 15:08:02', 12, 13, 63, 56),
(375, 'basique 8', 'basique 8', '2020-04-20 15:08:02', 44, 13, 63, 56),
(376, 'basique 9', 'basique 9', '2020-04-20 15:08:02', 24, 13, 63, 56),
(377, 'basique 10', 'basique 10', '2020-04-20 15:08:02', 33, 13, 63, 56),
(378, 'GILETS ET PULLS 1', 'GILETS ET PULLS 1', '2020-04-20 15:09:24', 25, 13, 55, 55),
(379, 'GILETS ET PULLS 2', 'GILETS ET PULLS 2', '2020-04-20 15:09:24', 20, 13, 33, 55),
(380, 'GILETS ET PULLS 3', 'GILETS ET PULLS 3', '2020-04-20 15:09:24', 24, 13, 54, 55),
(381, 'GILETS ET PULLS 4', 'GILETS ET PULLS 4', '2020-04-20 15:09:24', 26, 13, 22, 55),
(382, 'GILETS ET PULLS 5', 'GILETS ET PULLS 5', '2020-04-20 15:09:24', 30, 13, 57, 55),
(383, 'GILETS ET PULLS 6', 'GILETS ET PULLS 6', '2020-04-20 15:09:24', 19, 13, 76, 55),
(384, 'GILETS ET PULLS 7', 'GILETS ET PULLS 7', '2020-04-20 15:09:24', 12, 13, 63, 55),
(385, 'GILETS ET PULLS 8', 'GILETS ET PULLS 8', '2020-04-20 15:09:24', 44, 13, 63, 55),
(386, 'GILETS ET PULLS 9', 'GILETS ET PULLS 9', '2020-04-20 15:09:24', 24, 13, 63, 55),
(387, 'GILETS ET PULLS 10', 'GILETS ET PULLS 10', '2020-04-20 15:09:24', 33, 13, 63, 55);

-- --------------------------------------------------------

--
-- Structure de la table `user`
--

DROP TABLE IF EXISTS `user`;
CREATE TABLE IF NOT EXISTS `user` (
  `id` int(11) NOT NULL AUTO_INCREMENT,
  `email` varchar(255) NOT NULL,
  `password` varchar(255) NOT NULL,
  `address` text NOT NULL,
  `firstName` varchar(255) NOT NULL,
  `lastName` varchar(255) NOT NULL,
  `createdAt` datetime NOT NULL,
  `activated` tinyint(1) DEFAULT NULL,
  `role` varchar(255) NOT NULL,
  PRIMARY KEY (`id`)
) ENGINE=InnoDB AUTO_INCREMENT=3 DEFAULT CHARSET=utf8mb4;

--
-- Déchargement des données de la table `user`
--

INSERT INTO `user` (`id`, `email`, `password`, `address`, `firstName`, `lastName`, `createdAt`, `activated`, `role`) VALUES
(1, 'sondage@gmail.com', '$2y$10$nLca4Rb3nEz6ZK/vh7mPje2K/ocp9yKhkKLVJhbKVzLYAT5NL0lvm', '01 rue de rivoli france', 'azert', 'azert', '2020-04-12 21:34:38', 1, 'admin'),
(2, 'sondageforgeld@gmail.com', '$2y$10$v3CefXfHNKnR5EuWVCMcneM7C2Sy4Q.HM2KqgSIdZNuzO.YI9B3gG', '02 rue des catacombe 93500', 'moimoi', 'toitoi', '2020-04-17 22:26:17', 1, 'client');

--
-- Contraintes pour les tables déchargées
--

--
-- Contraintes pour la table `image`
--
ALTER TABLE `image`
  ADD CONSTRAINT `image_ibfk_1` FOREIGN KEY (`id_product`) REFERENCES `products` (`id`) ON DELETE NO ACTION ON UPDATE NO ACTION;

--
-- Contraintes pour la table `orderdetails`
--
ALTER TABLE `orderdetails`
  ADD CONSTRAINT `orderdetails_ibfk_1` FOREIGN KEY (`id_order`) REFERENCES `orders` (`id`),
  ADD CONSTRAINT `orderdetails_ibfk_2` FOREIGN KEY (`id_product`) REFERENCES `products` (`id`);

--
-- Contraintes pour la table `orders`
--
ALTER TABLE `orders`
  ADD CONSTRAINT `orders_ibfk_1` FOREIGN KEY (`id_client`) REFERENCES `user` (`id`) ON DELETE CASCADE ON UPDATE CASCADE;

--
-- Contraintes pour la table `products`
--
ALTER TABLE `products`
  ADD CONSTRAINT `products_ibfk_1` FOREIGN KEY (`id_category`) REFERENCES `category` (`id`);
COMMIT;

/*!40101 SET CHARACTER_SET_CLIENT=@OLD_CHARACTER_SET_CLIENT */;
/*!40101 SET CHARACTER_SET_RESULTS=@OLD_CHARACTER_SET_RESULTS */;
/*!40101 SET COLLATION_CONNECTION=@OLD_COLLATION_CONNECTION */;
